Suburb,Bedrooms,Bathrooms,Address,Parking_spaces,Price,Floor_size,Type,URL_code
Sea Point,4,4,,1,10.59663473,126,Rental,36791656
Woodstock,0.5,1,"Loft Fenton Loft, 22 Fenton Road",0,8.987196821,40,Rental,31383171
Vredehoek,3,3,"Relax 15 On Chelmsford, 15a Chelmsford Road",2,10.59663473,200,Rental,30332157
Green Point,1,1,3 Thornhill Rd,1,9.680344001,65,Rental,33919497
Gardens,2,2,20 Camp St,2,10.34174248,100,Rental,30256997
Kenilworth Upper,1,1,Summerley Rd Kenilworth,2,9.546812609,60,Rental,36829302
Sea Point,2,2,5 Antwerp Rd,2,9.903487553,100,Rental,36827429
Cape Town City Centre,1,1,220 Loop St,1,9.898475011,60,Rental,36818262
Oranjezicht,0.5,1,7 Beulah Ter,1,9.581903928,50,Rental,36826960
Vredehoek,2,2,Everest Cl Devil's Peak Estate,1,10.1266311,70,Rental,36824495
Waterfront,3,3.5,"Marina Residential Estate, 1 Dock Road",2,11.8493977,464,Rental,35021521
Sea Point,3,2,"269 Beach Road, Cape Town, South Africa",1,10.22194128,120,Rental,28331110
Mouille Point,3,2,93 Beach Road,1,11.00209984,153,Rental,31379643
Kenilworth,1,1,76 Rosmead Avenue,1,9.210340372,62,Rental,36828715
Foreshore,1,1,Harbour Arch Boulevard,1,9.76995616,51,Rental,36818905
Tamboerskloof,1,1,258 Upper Buitengracht Street,1,9.680344001,37,Rental,36831587
Foreshore,1,1,Harbour Arch Boulevard,1,9.76995616,51,Rental,36818987
Sea Point,2,1,85 Regent Road,0,9.901235017,90,Rental,36809263
Vredehoek,1,1,19 Chelmsford Rd,0,9.581903928,50,Rental,34280272
Foreshore,2,2,Harbour Arch Boulevard,1,10.30895266,73,Rental,36815219
Cape Town City Centre,2,2,16 Bree St,2,10.16585182,79,Rental,33162565
Mouille Point,2,2,175 Beach Rd,1,10.23995979,105,Rental,35493802
De Waterkant,1,1,"6 Rose Street, De Waterkant",1,9.878169745,,Rental,31520867
Oranjezicht,1,1,"Shirmal, 4 Culver St",1,9.200290036,40,Rental,33189230
Sea Point,1,1,23 Arthurs Rd,1,9.798127037,57,Rental,33600249
Cape Town City Centre,1,1,3 Socrates Way,1,9.998797732,53,Rental,36800078
Sea Point,2,1,11 Tramway Road,0,10.30895266,100,Rental,36810680
Rondebosch,4,4,34 Avenue De Mist,4,10.54534144,,Rental,34992733
Kenilworth,2,1,318 Main Road,0,9.546812609,84,Rental,36826635
Rondebosch,2,1,"3 Lonsdale, 9 Highstead Road",1,9.510444964,75,Rental,36787316
Claremont Upper,2,2,25 Protea Rd,2,10.16585182,110,Rental,36789012
Gardens,1,1,21 Park Road,0,9.546812609,58,Rental,36805891
Rondebosch,3,4,4 White Rd,0,10.81977828,325,Rental,36777316
Kenilworth,4,2,3 Myrtle Rd,2,8.748304912,120,Rental,33464782
Foreshore,1,1,Harbour Arch Boulevard,1,9.903487553,51,Rental,36796186
Cape Town City Centre,0.5,1,3 St George's Mall,0,9.259130536,38,Rental,28585770
De Waterkant,1,1,117 Strand Street,1,9.825526011,58,Rental,31107624
Claremont Upper,2,1,259 Main Road,2,9.740968623,87,Rental,36786095
Bantry Bay,2,3,64 De Wet Road,1,11.08214255,,Rental,34812430
Higgovale,2,2,"2 Eagle's Nest, 155 Kloof Nek Road",2,11.08214255,190,Rental,33028185
Camps Bay,4,4,4 Theresa Avenue,2,11.46163217,905,Rental,36065821
Sea Point,0.5,1,6 Norfolk Rd,0,9.472704636,24,Rental,35265318
Vredehoek,4,3,,2,10.87804719,267,Rental,36820939
Vredehoek,3,1.5,,1,10.30895266,273,Rental,36817233
Muizenberg,1,1,"112 Sunrise Villas, 01 St David's Street",1,9.035986985,67,Rental,36771352
Wynberg,2,1,144 Sussex Rd,1,9.159047078,60,Rental,33301906
Green Point,0.5,1,"512 Son Vida, 87 Somerset Road",1,9.305650552,34,Rental,36814728
Kenilworth,1,1,"35 St Claire, 143 First Avenue",1,9.190137665,57,Rental,28396257
Sea Point,3,1.5,1 Conifer Rd,1,10.38899537,180,Rental,36786957
Constantia,7,5,,6,11.69524702,,Rental,36828691
Woodstock,1,1,187 Victoria Road,1,9.510444964,87,Rental,33351495
Woodstock,2,2,187 Sir Lowry Rd,1,9.740968623,63,Rental,33127025
Wynberg,2,1,227 Main Road Wynberg,1,8.881836305,58,Rental,36812584
Vredehoek,2,2,23 Davenport Rd (pearl Court),1,9.798127037,,Rental,36820339
Rondebosch,4,3,911 Balintore Rd,4,8.853665428,,Rental,36813312
De Waterkant,4,4,,2,10.98529272,265,Rental,36804533
Newlands,4,3.5,25-2 Cedar Road,2,10.54534144,,Rental,36815337
Sea Point,2,2,281 & 283 Beach Rd,1,11.03488966,100,Rental,36811506
Sea Point,0.5,1,401 Main Road,1,9.510444964,,Rental,36831020
Rondebosch,4,3,913 Balintore Rd,4,10.46310334,,Rental,36813558
Sea Point,2,2,"238 Beach Road, Sea Point",0,10.30895266,,Rental,36817321
Tokai,1,1,Zwaanswyk Rd Steenberg Estate,0,9.61580548,70,Rental,36815138
Observatory,1,1,,1,9.350102314,41,Rental,36799573
Vredehoek,2,2,5 Cape Vistas,1,9.862665558,92,Rental,35127797
Fresnaye,3,3.5,31 Kloof Road,1,10.93310697,254,Rental,36753715
Kenilworth,1,1,"105 Willowdene, 7 Epsom Road",0,9.126958763,56,Rental,30803733
Clifton,1,1.5,51 Victoria Rd,1,11.22524339,126,Rental,36737285
Clifton,2,2,51 Victoria Rd,1,10.91508846,126,Rental,36735324
Vredehoek,2,2,,0,10.04324949,120,Rental,32904749
Sea Point,1,2,275 Beach Rd,1,10.46310334,,Rental,36804133
De Waterkant,3,3,4 Liddle St,2,11.69524702,,Rental,36804176
Sea Point,2,2,259 On Beach Road,1,10.46310334,105,Rental,36771043
Cape Town City Centre,1,1,1 Dockrail Road,1,9.798127037,64,Rental,36748179
Cape Town City Centre,2,2,8 Buiten St,1,9.952277717,84,Rental,36809483
Cape Town City Centre,2,2,57 Church Street,1,10.16585182,111,Rental,36754592
Cape Town City Centre,0.5,1,"302 Pepper Club, 167 Loop Street",1,9.546812609,33,Rental,36787534
Sea Point,3,3.5,67 Regent Road,2,10.71441777,251,Rental,36755496
Diep River,2,2,21 Annandale Road,1,9.680344001,,Rental,36824743
Wynberg,1,1,227 Main Road,1,8.779557456,,Rental,34629601
Foreshore,2,2,11 Christaan Barnard,1,10.30895266,73,Rental,35904010
Sea Point,0.5,1,4 Frere Rd,0,9.798127037,34,Rental,36773602
Sea Point,2,1,20 Queens Rd,1,9.928180165,,Rental,35316267
Plumstead,2,1,"16 Manyways, 77 Doordrift Road",1,9.546812609,87,Rental,36814229
Rondebosch,3,2,19 Balintore Road,0,9.680344001,,Rental,36789982
Green Point,1,1,37 Main Road,1,9.998797732,,Rental,36793281
Cape Town City Centre,0.5,1,,1,9.61580548,45,Rental,31704848
Mouille Point,4,4,,2,11.65268741,268,Rental,36830773
Muizenberg,3,2,"36 Aurora Sands, 01 St David's Street",2,9.388486557,100,Rental,36771591
Kenilworth Upper,2,1,,1,9.564512186,80,Rental,36832509
Green Point,2,2,19 Clydebank Road,0,10.4341158,,Rental,36825527
Green Point,2,2,"28 Chepstow Road, Green Point",0,9.952277717,72,Rental,32824459
Cape Town City Centre,0.5,1,,0,9.680344001,27,Rental,36831183
Foreshore,1,1,Harbour Arch Boulevard,1,9.61580548,41,Rental,36728669
Kenilworth,1,1,,1,8.987196821,37,Rental,36789826
Sea Point,2,1,28 Glengariff Rd,1,10.1266311,,Rental,36764288
Sea Point,2,1.5,,1,9.903487553,100,Rental,36833709
Cape Town City Centre,1,1,14 Jetty St,1,9.738023113,,Rental,34047071
Gardens,2,1,,1,9.71111566,83,Rental,35322111
Bo Kaap,2,1,,1,10.16585182,145,Rental,36831853
Cape Town City Centre,1,1,,1,9.350102314,46,Rental,36835958
Pinelands,2,1,Forest Drive Extension,1,9.159047078,,Rental,36804542
Observatory,5,4,38 Long St,0,8.699514748,,Rental,30508036
Claremont,2,1,,1,9.472704636,75,Rental,36563561
Sea Point,2,2,17 Albany Road,3,10.30895266,80,Rental,36805445
Mouille Point,1,1,,1,9.735068901,71,Rental,36832552
Sea Point,1,1,Planet Africa 17 Kei Apple Road,1,9.903487553,52,Rental,36197052
Tamboerskloof,3,2.5,,0,10.81977828,180,Rental,36827396
Gardens,1,1,60 Kloof Street,0,9.61580548,55,Rental,35161833
Newlands,1,1,,1,9.71111566,84,Rental,35105438
Sea Point,1,1,,0,9.680344001,29,Rental,36825790
Woodstock,1,1,,1,9.581903928,70,Rental,36825403
Rondebosch,1,1,"6 Selborn, 11 Highstead Rd, Rondebosch 7700",0,8.839276691,20,Rental,29288170
Cape Town City Centre,0.5,1,43 Buitenkant Street,1,9.350102314,30,Rental,36830329
Vredehoek,1,1.5,"36 Clifford Ave, Vredehoek",2,9.76995616,50,Rental,36821779
Plumstead,3,3,,3,9.878169745,257,Rental,36820592
Bantry Bay,2,1,21 Fir Ave,1,10.23995979,80,Rental,35479593
Gardens,1,1,,1,10.1064284,69,Rental,36824479
Sea Point,3,3,,2,11.22524339,196,Rental,36832959
Mouille Point,3,3.5,,2,11.08214255,270,Rental,36832448
Diep River,2,1,15 Main Road,2,9.259130536,92,Rental,36714496
Wynberg Upper,2,1,,2,9.433483923,85,Rental,36822738
Vredehoek,3,1,,1,9.825526011,78,Rental,36821014
Camps Bay,2,2,,2,9.998797732,86,Rental,35705032
Sea Point,2,1,10 Firmount Road,2,10.1064284,156,Rental,36825402
Mouille Point,1,1,,2,9.903487553,60,Rental,36823981
Sea Point,1,1,4 St. Andrews Road,0,9.648595303,55,Rental,36823685
Tamboerskloof,2,2,,1,10.59663473,270,Rental,31564030
Cape Town City Centre,2,1,,1,10.1266311,68,Rental,36823845
Sea Point,2,2,,1,10.23995979,102,Rental,36823250
Pinelands,0.5,1,"St King's Blockhouse, 1 Spine Boulevard",0,8.839276691,,Rental,36288842
Muizenberg,2,1,Sunrise Blvd Costa Da Gama,1,8.948975608,47,Rental,30069922
Green Point,2,2,65 Main Rd,2,10.08580911,105,Rental,36702065
Gardens,1,1,,1,9.798127037,46,Rental,36821258
Mouille Point,2,2,"1 Pont Du Gard, 35 Beach Road",1,10.27505111,103,Rental,36814619
Fresnaye,2,2,,2,10.16585182,85,Rental,36812909
Sea Point,2,1,"No 7, 10 Whitehall, London Road, Seapoint",0,10.30895266,75,Rental,36815599
Sea Point,1,1,21 Tramway Rd,1,10.1266311,55,Rental,36761557
Claremont Upper,2,1,,1,9.546812609,70,Rental,36813628
Sea Point,1,1,,1,9.878169745,50,Rental,36818674
Sea Point,2,2,,2,10.37349118,76,Rental,36818671
Fresnaye,2,2,,2,10.77895629,120,Rental,36817973
Constantia,4,3.5,26 Innesfree Road,7,11.00209984,,Rental,36639967
Rondebosch,3,1,12 Frean Road,3,9.903487553,646,Rental,36819065
Green Point,2,1.5,177 Main Road,1,9.975808214,75,Rental,32771784
Observatory,1,1,2 Irwell Street,0,9.137769679,40,Rental,35452518
Sea Point,1,1.5,,1,10.16585182,49,Rental,35155720
Cape Town City Centre,0.5,1,66 Keerom Street,0,9.104979856,43,Rental,33829900
Sea Point,3,3,17 Deane Rd,0,10.96819829,214,Rental,36735820
Sea Point,2,2,,1,10.46310334,69,Rental,35380381
Claremont Upper,2,1,25 Cavendish Street,0,9.210340372,,Rental,34234577
Sea Point,2,2,,1,10.59663473,88,Rental,36819372
Camps Bay,3,3,6 Penelope Close,1,10.81977828,600,Rental,36346049
Muizenberg,3,2,,2,9.546812609,120,Rental,36824805
Sea Point,2,2,,1,11.35040654,136,Rental,36772918
Sea Point,1,1,85 M61,0,9.786953736,56,Rental,34810881
Sea Point,2,1,,1,9.903487553,89,Rental,36785417
Muizenberg,3,1,84 Duiker Gate Road Capricorn,2,9.568014816,,Rental,31969093
Green Point,2,1.5,,0,10.20359214,80,Rental,36823949
Observatory,0.5,1,"520 Obs Court, 3 Howe Street",1,9.159047078,32,Rental,36478883
Clifton,3,3,49 Victoria Rd,1,11.12726298,234,Rental,36736303
Camps Bay,3,3.5,,2,11.08214255,399,Rental,36815837
Cape Town City Centre,1,1,24 Hans Strijdom Ave,1,9.878169745,70,Rental,33976991
Sea Point,3,2,,1,10.75790288,325,Rental,36815781
Mouille Point,2,2,,4,10.83958091,171,Rental,36048945
Mouille Point,4,4,,2,11.65268741,268,Rental,36811119
Sea Point,1,1,,0,9.677214108,63,Rental,36808114
De Waterkant,2,2,34 Prestwich Street,2,9.735068901,,Rental,36826175
Sea Point,3,2,191 Beach Rd,2,10.81977828,187,Rental,36058833
Sea Point,2,2,,1,10.49127422,117,Rental,34042690
Green Point,2,1,,2,9.998797732,82,Rental,36812905
Sea Point,2,2,"604 Bay Views, 2 Clifford Road",3,10.66895539,70,Rental,36811826
Sea Point,0.5,1,,1,9.825526011,34,Rental,35927451
Cape Town City Centre,1,1,,0,9.132378831,30,Rental,36815041
Camps Bay,1,1,,0,9.61580548,50,Rental,36160090
Camps Bay,3,3.5,,2,11.28978191,404,Rental,36815806
De Waterkant,3,3,151 Waterkant St,0,11.03488966,283,Rental,36737917
Fresnaye,2,2,,2,10.59663473,126,Rental,36822005
Vredehoek,2.5,1,,3,10.46310334,108,Rental,36807329
Green Point,2,2,,2,10.23995979,116,Rental,36804347
Vredehoek,3,2.5,,3,10.30895266,137,Rental,36802351
Vredehoek,2,1.5,,1,9.598998362,73,Rental,36813523
Camps Bay,2,2,,1,10.30895266,90,Rental,36813995
Foreshore,1,1,,1,9.71111566,51,Rental,36779015
Vredehoek,2,2,"11 Ben Avenue, High Cape Two",1,9.998797732,80,Rental,36830491
Tokai,3,2,19 Paddock Lane,3,9.798127037,,Rental,35375348
Rondebosch,1,1,6 Wiersma Road,1,8.809862805,,Rental,34691318
Green Point,2,1,,1,10.04324949,86,Rental,36800882
Claremont Upper,2,2,,2,10.08580911,146,Rental,36803776
Waterfront,2,2,,2,11.28978191,151,Rental,36799889
Sea Point,2,2,"201 Versailles, 219 Main Road",2,10.53209621,82,Rental,36799512
Waterfront,3,3,,2,11.00209984,162,Rental,35356057
Sea Point,2,2,,2,10.1266311,130,Rental,35163640
Diep River,2,1,,1,9.350102314,66,Rental,36803983
Tamboerskloof,3,2,39a Burnside Road,2,10.54534144,363,Rental,35544809
Bantry Bay,2,2,,2,10.46310334,138,Rental,36805990
Foreshore,0.5,1,,1,9.350102314,35,Rental,35826637
Woodstock,3,1,5 Kitchener Street,0,9.738023113,132,Rental,36683524
Plumstead,1,1,,0,8.888756748,45,Rental,36803630
Woodstock,1,1,Wex 1 85 Albert Road,1,9.510444964,42,Rental,30143591
Observatory,2,2,,2,9.903487553,77,Rental,33556502
Cape Town City Centre,1,1,,1,9.61580548,68,Rental,36821923
Mouille Point,2,2,,1,10.30895266,78,Rental,32144671
Pinelands,2,1,"310 Silvermine, 8 Informal Rd",1,9.350102314,54,Rental,35604225
Foreshore,1,1,Harbour Arch Boulevard,1,9.76995616,51,Rental,36198233
Green Point,3,1,,0,9.998797732,100,Rental,36830537
Woodstock,1,1,,1,9.305650552,52,Rental,32094885
Cape Town City Centre,1,1,1 Shortmarket Street,0,9.305650552,43,Rental,36695566
Gardens,2,2.5,,2,10.34174248,169,Rental,33922040
Wynberg Upper,2,1,,1,9.998797732,90,Rental,36797512
Rondebosch,3,2,,3,10.46310334,157,Rental,36824954
Cape Town City Centre,2,2,,1,9.952277717,118,Rental,35290610
Green Point,1,1,,0,9.740968623,55,Rental,36793419
Vredehoek,0.5,1,,1,9.392661929,40,Rental,33738596
Muizenberg,1,1,,1,8.853665428,40,Rental,36787710
Green Point,3,3,87 High Level Rd,3,10.71441777,300,Rental,30266654
Woodstock,1,1,,1,9.61580548,73,Rental,36797461
Oranjezicht,1,1,,0,9.536040512,43,Rental,36787162
Green Point,1,1,,2,9.998797732,46,Rental,36787010
Oranjezicht,3,3.5,,1.5,10.46310334,520,Rental,36787489
Cape Town City Centre,1,1,Adderley Street,1,9.37585481,55,Rental,33481913
Clifton,3,2.5,,2,11.46163217,350,Rental,36807784
Sea Point,2,1,16 London Rd,0,9.975808214,87,Rental,33708202
Mouille Point,1,1,157 Beach Road,1,9.472704636,45,Rental,36754662
Foreshore,1,1,Harbour Arch Boulevard,1,9.798127037,51,Rental,36796300
Sea Point,2,2,,1,10.22194128,81,Rental,36794133
Mouille Point,2,2,,1,10.27505111,102,Rental,36793541
Green Point,1,1,3 Romney Rd,0,9.893437217,,Rental,35275143
Mouille Point,3,2,,1,11.00209984,153,Rental,35216870
Vredehoek,0.5,1,,1,9.305650552,42,Rental,31682633
Sea Point,3,3.5,,2,11.35040654,209,Rental,34896973
Wynberg Upper,2,1,,2,9.61580548,63,Rental,36796873
Sea Point,2,2,,1,10.59663473,110,Rental,36786029
Sea Point,2,1,281/283,1,10.02127059,,Rental,36804553
Sea Point,0.5,1,,0,9.740968623,36,Rental,35774968
Bo Kaap,2,2.5,35 Rose St,3,10.38899537,240,Rental,36656931
Kenilworth,2,1,,1,9.680344001,81,Rental,36792042
Tamboerskloof,3,2,,0,10.46310334,127,Rental,36810361
Camps Bay,2,1,,1,10.16585182,90,Rental,32585577
Sea Point,2,2,,1,10.04324949,92,Rental,36782764
Green Point,1,1,,1,9.392661929,19,Rental,36792091
Pinelands,3,1.5,,4,9.740968623,,Rental,36829780
Gardens,2,1.5,,1,9.798127037,90,Rental,34427477
Sea Point,3,1,77 Regent Rd,1,10.25765937,150,Rental,36315881
Sea Point,2,2,,1,10.22194128,81,Rental,36786138
Mouille Point,2,2,,0,10.29214554,101,Rental,36784807
Green Point,2,2,,2,10.1266311,81,Rental,36791894
Mouille Point,1,1,,1,9.735068901,71,Rental,36824841
Camps Bay,1,1,25 Ingleside Rd,1,9.740968623,40,Rental,33482064
Observatory,2,2,3a Howe Street,1,9.61580548,59,Rental,34884136
Green Point,4,5,,2,11.77528973,300,Rental,36742229
Clifton,2,2,,2,11.35040654,133,Rental,36784752
Sea Point,0.5,1,"19 Kloof Road, Sea Point , Cape Town",0,10.0647557,31,Rental,35444187
Cape Town City Centre,2,2,,1,10.1266311,76,Rental,36823861
Observatory,3,1.5,,0,9.680344001,130,Rental,34301318
Rondebosch,1,1,Cnr Klipfontein Road and Sawkins Road,1,9.210340372,44,Rental,29708560
Wynberg Upper,2,1,19 Sherard Square,1,9.305650552,91,Rental,36651554
Observatory,0.5,1,,1,9.159047078,35,Rental,36786415
Observatory,1,1,289 Lower Main Road,1,9.047821442,34,Rental,36716112
Sea Point,2,2,,1,10.1266311,101,Rental,36786914
Woodstock,1,1,,0,9.210340372,98,Rental,34001343
Observatory,3,2,,1,10.04324949,91,Rental,36786178
Observatory,2,2,13 Bishop Road,0,9.61580548,153,Rental,36780955
Camps Bay,3,4,,2,11.14186178,,Rental,31155364
Sea Point,2,3,,1,10.46310334,200,Rental,36777431
Mouille Point,2,2,129 Beach Road,2,10.83958091,154,Rental,36082796
Vredehoek,1,1,,1,9.61580548,49,Rental,36812520
Sea Point,1,1,,1,10.1266311,70,Rental,36788442
Muizenberg,1,1,"2 Royal Road, Muizenberg",0,9.350102314,70,Rental,36779358
Sea Point,2,1,,0,9.903487553,59,Rental,36800647
Newlands,3,2,,2,10.54534144,,Rental,36817020
Observatory,1,1,17 Kotzee Street,0,8.853665428,20,Rental,30487210
Muizenberg,3,3,,1,9.648595303,114,Rental,36780256
Mouille Point,2,2,,1,10.83958091,154,Rental,36804070
Camps Bay,2,2,,2,10.23995979,149,Rental,36786084
Sea Point,1,1,69a Regent Rd,0,10.22194128,65,Rental,35799111
Diep River,2,2,,1,9.350102314,,Rental,34666184
Sea Point,2,2,,1,10.1266311,121,Rental,35427427
Sea Point,2,2,,1,9.998797732,84,Rental,36787025
Pinelands,1,1,,2,8.853665428,80,Rental,32497437
Constantia,5,4,,10,10.93310697,,Rental,35297716
Sea Point,3,3,,2,11.22524339,128,Rental,36820966
Gardens,2,3,20 Wembley Rd,4,10.59663473,300,Rental,36777692
Sea Point,1,1,"406 Versailles, 219 Main Road",1,9.825526011,36,Rental,36778529
Oranjezicht,4,2,6 Rugby Road,2,11.00209984,,Rental,36788458
Green Point,3,1.5,,1,10.1266311,126,Rental,36791748
Constantia,7,5.5,,7,11.26446411,,Rental,36823256
Kenilworth,2,2,,1,9.61580548,85,Rental,36822469
Green Point,2,2.5,,1,10.46310334,141,Rental,36778131
Claremont Upper,4,2.5,6 Feldhausen Road,2,10.78931908,560,Rental,36059168
Mouille Point,2,1,,0,9.998797732,69,Rental,36798561
Cape Town City Centre,1,1,,0,9.680344001,45,Rental,36832454
Pinelands,1,1,"Typea Silvermine, 8 Informal Rd",1,8.935903526,32,Rental,35974719
Pinelands,1,1,"B216 Pinelands Grove Retirement Village1, 17 Sunrise Road",1,9.61580548,47,Rental,36797399
Muizenberg,2,2,. Clifton Road,3,9.680344001,285,Rental,36804186
Sea Point,2,1,239 Beach Rd,1,10.37349118,96,Rental,35919047
Vredehoek,2,2,,2,10.30895266,90,Rental,35806937
Plumstead,3,2.5,,2,10.34174248,,Rental,36835028
Tamboerskloof,2,2,Kohling St,0,9.998797732,120,Rental,36620559
Tamboerskloof,2,3,,1,10.81977828,150,Rental,36811144
Observatory,3,4,,0,9.798127037,140,Rental,36809511
Observatory,1,1,,0,9.305650552,106,Rental,36824024
Green Point,1,1,219 Main Rd,2,9.61580548,65,Rental,36641647
Clifton,4,3.5,280 Kloof Road,2,11.73606902,250,Rental,36351808
Clifton,3,2.5,One Victoria Road,2,11.60823564,350,Rental,36776286
Sea Point,0.5,1,8 Ashkelon London Road Sea Point 8005,0,9.210340372,50,Rental,36797322
Muizenberg,3,3,10 Maynard Road,1,9.71111566,114,Rental,36778981
Green Point,1,1,,1,10.30895266,64,Rental,36790219
Sea Point,2,2,81 Regent Road,1,10.1266311,101,Rental,35021820
Sea Point,3,3.5,,1,10.71441777,252,Rental,36773621
Wynberg,1,1,Park Rd Wynberg,0,8.630521877,20,Rental,36788475
Llandudno,1,1,,1,9.740968623,,Rental,36830980
Plumstead,2,1,,1,9.354440716,,Rental,36825929
Sea Point,3,2,,2,10.65725935,,Rental,35549766
Foreshore,1,1,Harbour Arch Boulevard,1,9.61580548,41,Rental,36627946
Camps Bay,4,2,,2,11.15625052,220,Rental,36767961
Gardens,1,1,,2,9.71111566,90,Rental,35407982
Claremont,3,3,,1,10.20359214,688,Rental,36798384
Green Point,2,2,,1,10.37349118,81,Rental,34988846
Rondebosch,4,3,,3,11.28978191,800,Rental,36809491
Sea Point,1,1,The Flamingo 4th Floor 6 Regent Road Sea Point,0,9.61580548,,Rental,36829301
Sea Point,2,2,,1,10.25765937,90,Rental,36768288
Bantry Bay,0.5,1,,1,9.928180165,59,Rental,35628634
Observatory,1,1,"1 Hexagon Crescent, Observatory",1,9.159047078,30,Rental,34358175
Sea Point,1,1,The Flamingo 6 Regent Road Sea Point,0,9.680344001,,Rental,36829157
Sea Point,3,2,,1,10.1266311,136,Rental,36809272
Mouille Point,3,4,,2,11.91839057,541,Rental,36767338
Camps Bay,1,1,,1,10.30895266,,Rental,36827052
Sea Point,2,2,,1,10.30895266,112,Rental,36798310
Mouille Point,2,2,,2,10.83958091,154,Rental,36804568
Camps Bay,1,1,15 Totnes Road,1,9.76995616,64,Rental,35132836
Sea Point,1,1,,0,9.581903928,30,Rental,36788636
Cape Town City Centre,2,2,,1,9.998797732,143,Rental,36782165
Green Point,2,1,,1,10.04324949,86,Rental,36772042
Newlands,4,2,,5,10.87804719,,Rental,36827367
Green Point,3,1,,0,9.998797732,110,Rental,36811690
Woodstock,3,1,,0,9.903487553,141,Rental,36766394
Sea Point,2,2,,1,10.91508846,,Rental,36787035
Claremont,1,1,,1,9.350102314,,Rental,36823418
Tamboerskloof,2,1,"Union Street, Gardens, Cape Town",1,9.76995616,87,Rental,35422415
Sea Point,1,1,,0,9.798127037,,Rental,36819929
Green Point,1,1,"Neighbourgood Hill Suites, 2 Hill Rd, Green Point",0,9.679093219,,Rental,36729046
Sea Point,1,1,"23 Arthurs , Arthurâ€™s Road",1,9.878169745,55,Rental,36772694
Newlands,2,2,6 Thicket Street,2,10.38899537,83,Rental,36770453
Green Point,1,1,,1,9.680344001,,Rental,36825528
Wynberg Upper,2,1,,2,9.433483923,85,Rental,36765191
Kenilworth,2,1,,2,9.392661929,65,Rental,36775506
Sea Point,4,3,,1,10.81977828,138,Rental,36798839
Fresnaye,2,2.5,,3,11.08214255,161,Rental,36765257
Sea Point,3,2,,1,10.75683848,110,Rental,36767954
Sea Point,0.5,1,,1,9.680344001,30,Rental,36768507
Mouille Point,3,2,,1,10.46310334,132,Rental,36786050
Camps Bay,2,2,,1,10.91508846,88,Rental,36760920
Kenilworth,1,1,,1,9.305650552,,Rental,36825200
Fresnaye,5,5.5,,2,12.10071213,,Rental,36818025
Mouille Point,2,1,,1,10.30895266,78,Rental,36801929
Vredehoek,1,1,,1,9.680344001,,Rental,36815020
Mouille Point,2,2,,2,10.80972795,163,Rental,35012627
Fresnaye,3,3.5,,2,11.28978191,,Rental,36818513
Fresnaye,2,1,,1,10.1266311,83,Rental,34915829
Rondebosch,1,1,,0,9.392661929,,Rental,36819004
Sea Point,3,2,,1,10.65725935,,Rental,36828062
Rondebosch,3,2,,2,9.798127037,,Rental,36831294
Tokai,4,4,13 Beech Road,2,11.08214255,500,Rental,36209390
Mouille Point,3,2,,2,11.22524339,222,Rental,36765476
Sea Point,2,2,,2,9.903487553,85,Rental,36792179
Rondebosch,1,1,,1,9.210340372,,Rental,36825633
Oranjezicht,1,1,,1,9.532423871,68,Rental,36761079
Sea Point,2,2,,2,10.30895266,81,Rental,36786075
Green Point,0.5,1,,1,9.680344001,,Rental,36819911
Sea Point,2,2,,2,10.53209621,72,Rental,36810953
Sea Point,2,1,,0,10.04324949,,Rental,36795433
Camps Bay,1,1,,1,9.903487553,66,Rental,36794568
Sea Point,3,1,,1,10.27505111,150,Rental,36767834
Observatory,1,1,3a Howe Street,2,9.472704636,65,Rental,30940627
Sea Point,0.5,1,1 Regent Road,0,9.61580548,24,Rental,36769505
Sea Point,2,2,,1,10.25765937,,Rental,36823142
Higgovale,3,3,,2,11.08214255,,Rental,36765312
De Waterkant,1,1,The Rose On 117 De Waterkant Cape Town,0,9.61580548,,Rental,36819237
Newlands,3,2,,2,10.54534144,496,Rental,36817045
Vredehoek,2,1,,0,9.998797732,100,Rental,28331144
Pinelands,2,1,,1,8.987196821,,Rental,36823766
Woodstock,1,1,,1,9.047821442,43,Rental,36777750
Sea Point,2,2,,2,9.952277717,,Rental,36819847
De Waterkant,2,2,,1,10.1064284,87,Rental,36756402
Cape Town City Centre,1,1,,0,8.779557456,,Rental,34948894
Sea Point,2,2,Erf927 High Level Rd,1,10.1266311,80,Rental,36587400
Green Point,1,1,137 Main Road,1,9.878169745,,Rental,34276260
Sea Point,2,2,,2,10.53209621,,Rental,36811103
Mouille Point,3,5,,2,11.91839057,541,Rental,36835274
Cape Town City Centre,2,2,6 Pepper Street,2,9.928180165,132,Rental,36628433
Constantia,2,3,,2,11.28978191,,Rental,36775969
Claremont,2,1,,1,10.18490001,168,Rental,36785786
Claremont Upper,2,2,,1,9.680344001,95,Rental,35075609
Gardens,1,1,,1,10.1266311,71,Rental,30728040
Green Point,2,2,32 Chepstow Road,1,10.37349118,91,Rental,36318448
Foreshore,1,1,Harbour Arch Boulevard,1,9.76995616,51,Rental,36605972
Tokai,2,1,,2,10.55841352,991,Rental,31176374
Kenilworth,2,1,,2,9.740968623,,Rental,36812041
Vredehoek,3,1,"305 Millborough, 70 Upper Mill Street",1,9.878169745,110,Rental,28539839
Mouille Point,1,1.5,,1,10.1266311,101,Rental,36784699
Mouille Point,2,3,,2,11.28978191,212,Rental,36803206
Green Point,1,1,7 Main Road,1,9.648595303,49,Rental,36826634
Mouille Point,2,1,,3,10.37349118,102,Rental,36761865
Oranjezicht,3,2,,1,10.46310334,170,Rental,36812090
Cape Town City Centre,2,2,,1,10.66895539,123,Rental,36755002
Oranjezicht,4,2,,2,11.46163217,600,Rental,36725032
Claremont,3,2,,1,9.903487553,90,Rental,36756275
Cape Town City Centre,1,1,,1,9.680344001,54,Rental,36780032
Sea Point,0.5,1,,0,9.825526011,36,Rental,36779556
Green Point,2,2,10 Ravenscraig Rd,1,10.81977828,123,Rental,36624387
Green Point,0.5,1,9a Antrim Road,1,9.392661929,38,Rental,34468703
Claremont Upper,3,1,,2,10.1266311,520,Rental,35300740
Gardens,1,1,,1,9.798127037,40,Rental,36753535
Kenilworth,3,2,,2,10.59663473,,Rental,36759918
Gardens,3,2,,0,10.77895629,,Rental,36770203
Tokai,2,2,2 Perth Road,0,9.998797732,,Rental,36749921
Clifton,1,2,"5a Heron Water, 64 Victoria Road",0,10.59663473,71,Rental,36772829
Cape Town City Centre,1,1,,0,9.825526011,55,Rental,36778828
Sea Point,4,4,,2,10.71441777,126,Rental,36793502
Sea Point,2,1.5,,1,10.20359214,94,Rental,36751501
Wynberg Upper,4,4,,2,10.59663473,873,Rental,27179422
Foreshore,3,2,Hans Strydom Avenue,2,10.71441777,202,Rental,36809076
Plumstead,2,2,,1,9.71111566,71,Rental,36703085
Green Point,2,1,Torbay Rd Green Point,0,10.30895266,118,Rental,35243934
Cape Town City Centre,1,1,,1,9.998797732,,Rental,36819403
Gardens,2,1,,1,9.71111566,67,Rental,36804216
Fresnaye,4,4,,2,11.40756495,633,Rental,36786009
Cape Town City Centre,1,1,,0,9.581903928,47,Rental,36225664
Clifton,3,2.5,,2,11.51292546,249,Rental,35432302
Gardens,2,1,,1,10.46310334,,Rental,36821268
Cape Town City Centre,1,1,54 Keerom St,1,9.546812609,36,Rental,31797096
Mouille Point,2,2,,2,10.29214554,101,Rental,36834219
Bantry Bay,1,2,,1,10.08580911,75,Rental,35174462
Camps Bay,5,5.5,,3,11.77528973,386,Rental,36673477
Sea Point,3,2.5,,1,11.08214255,222,Rental,36749044
Clifton,3,2,2 Victoria Rd,2,11.69524702,,Rental,31583376
Clifton,2,2,52 Victoria Rd,2,11.46163217,,Rental,36080301
Mouille Point,3,3,,2,11.77528973,302,Rental,36836011
Higgovale,1,1,6 Trek Road,1,9.61580548,,Rental,36805429
Woodstock,0.5,1,,0,9.047233034,18,Rental,36683299
Cape Town City Centre,1,1,"1608 Pepperclub, 1 Corner Of Loop St and Pepper St",1,9.740968623,,Rental,33472174
Camps Bay,4,2,,2,11.08214255,,Rental,36804887
Plumstead,2,1,,1,8.987196821,50,Rental,32797278
Constantia,4,3,,6,10.75790288,,Rental,36818166
Tokai,1,1,,0,9.391828248,,Rental,36807158
Clifton,2,2,,2,11.35040654,133,Rental,36786886
Waterfront,1,1,,0,9.75846178,54,Rental,33151817
Waterfront,2,2,,0,10.41930072,82,Rental,33151811
Waterfront,1,1,,0,9.775654181,52,Rental,33151808
Cape Town City Centre,0.5,1,,1,9.581903928,,Rental,36811174
Observatory,2,1.5,,0,9.61580548,125,Rental,33643764
Fresnaye,3,3,,2,11.22524339,381,Rental,36747969
Camps Bay,3,3,,2,10.71441777,403,Rental,34066167
Oranjezicht,0.5,1,,1,9.752664663,55,Rental,36810808
Green Point,2,2,,2,10.71441777,132,Rental,36800047
Sea Point,2,1,,2,9.852194258,,Rental,36469618
Fresnaye,2,2,,4,10.59663473,138,Rental,36777960
Sea Point,2,1,,2,10.20359214,94,Rental,36744712
Rondebosch,1,1,1 Arbor Road,1,9.76995616,49,Rental,36740844
Kenilworth Upper,2,2,246 Main Road,1,9.998797732,125,Rental,36765409
Woodstock,1,1,Woodstock Quarter 187 Sir Lowry Road,1,9.259130536,,Rental,36829578
Mouille Point,2,2,,2,10.29214554,101,Rental,36739114
Woodstock,6,2,,0,9.903487553,,Rental,36802534
Green Point,1,2,,1,10.51867319,,Rental,34749721
Mouille Point,3,3.5,,2,11.77528973,302,Rental,36739177
Oranjezicht,1,1,,0,9.61580548,55,Rental,36738857
Plumstead,2,1,"Medway Mews, 13 Humberstone Road",2,9.581903928,,Rental,30201814
Pinelands,0.5,1,,1,8.909235279,34,Rental,36817241
Sea Point,1,1,,0,10.1266311,,Rental,35314071
Fresnaye,3,2,,0,10.59663473,249,Rental,32384851
Oranjezicht,4,2.5,11 Labounere Street,0,10.59663473,220,Rental,36756999
Sea Point,1,1,,1,9.878169745,,Rental,36821611
Woodstock,2,2,187 Victoria Road,1,9.740968623,61,Rental,33783345
Plumstead,2,1,,4,9.61580548,251,Rental,36769793
Muizenberg,1,2,8 Royal Road,0,8.779557456,,Rental,36806928
Claremont,4,2,,0,10.02127059,,Rental,36795984
Mouille Point,3,5,,2,11.91839057,541,Rental,36734365
Rondebosch,3,1.5,,1,9.61580548,,Rental,36813597
Sea Point,1,1,The Flamingo 6 Regent Road Sea Point,0,9.472704636,,Rental,36800045
Woodstock,0.5,1,,1,9.104979856,21,Rental,32954168
Pinelands,3,1,Howard Hamlet,2,9.723163998,67,Rental,36566553
Camps Bay,3,2,,8,10.65135963,,Rental,29315722
Woodstock,2,2,,1,9.740968623,,Rental,36798022
Cape Town City Centre,1,1,,1,9.648595303,,Rental,36803572
Sea Point,0.5,1,,0,10.08580911,,Rental,36814781
Pinelands,2,1,,1,9.532423871,150,Rental,36768304
Waterfront,2,2,,0,10.2853428,82,Rental,33151805
Fresnaye,4,5,,4,12.32385568,677,Rental,31376734
Sea Point,2,2,,1,10.23995979,,Rental,36791882
Woodstock,1,1,,1,9.305650552,42,Rental,36752476
Cape Town City Centre,3,3,,2,11.00209984,180,Rental,36728259
Gardens,2,1,,1,9.998797732,90,Rental,36711439
Cape Town City Centre,1,1,"42 Greyville Square, Milnerton Drive Cape Town 2441",1,9.20532783,39,Rental,36806088
Higgovale,2,2,39 Constantia Rd,0,10.23995979,80,Rental,36601380
Bantry Bay,3,2.5,,2,11.22524339,166,Rental,35026862
Sea Point,2,2,,2,10.53209621,84,Rental,36804029
Tokai,2,1,,2,10.12262308,950,Rental,36661805
Sea Point,3,2,,2,10.65725935,329,Rental,36737443
Sea Point,3,2,,1,10.65725935,,Rental,36789852
Sea Point,2,1.5,2 Holmfirth Rd,1,10.1266311,104,Rental,32601971
Newlands,4,2,,3,10.87804719,778,Rental,36809013
Green Point,2,1,,1,10.0647557,81,Rental,36731699
Bantry Bay,4,4,,2,11.60823564,,Rental,36796479
Sea Point,2,2,15 Worcester Road,1,10.30895266,103,Rental,36755190
Cape Town City Centre,1,1,,0,9.71111566,48,Rental,36724701
Sea Point,2,1,Glengariff Rd,1,10.1266311,,Rental,35305939
Newlands,2,2,,2,10.14643373,,Rental,36795747
Sea Point,2,2,,0,9.849559211,82,Rental,36768230
Claremont Upper,2,2,39 Grove Ave,2,9.975808214,111,Rental,36552909
Mouille Point,1,1,506 The Granger Mouille Point Cape Town,1,10.16585182,,Rental,36786243
Sea Point,2,2,,2,10.46310334,104,Rental,35187494
Camps Bay,3,2,,2,10.57131693,,Rental,36785442
Sea Point,2,1,241 High Level Road,1,9.952277717,86,Rental,34950747
Gardens,1,1,5-9 Park Road,1,9.740968623,70,Rental,36804117
Cape Town City Centre,1,1,4 Rose Street,0,9.581903928,33,Rental,36575273
Wynberg Upper,1,1,,1,9.210340372,,Rental,36786215
Cape Town City Centre,1,1,,1,9.798127037,65,Rental,36741420
Sea Point,2,2,"208 Rapallo, 292 Beach Road",1,10.49127422,,Rental,36835228
Sea Point,3,2,3 St. Johns Road Sea Point,1,10.65725935,325,Rental,36769842
Sea Point,0.5,1,,1,9.680344001,44,Rental,36810308
Clifton,2,2,,2,11.51292546,170,Rental,36758655
Sea Point,2,1,,0,10.30895266,145,Rental,36786051
Fresnaye,4,4.5,,3,12.20607265,646,Rental,36763133
Newlands,3,3.5,,2,10.46310334,199,Rental,36770016
Tamboerskloof,2,1,,0,9.61580548,80,Rental,36731132
Sea Point,2,1,,1,9.998797732,,Rental,36799692
Tamboerskloof,2,1,,1,9.581903928,77,Rental,36809631
Waterfront,3,4,,2,11.77528973,464,Rental,35128500
Green Point,1,1,,1,9.757305042,51,Rental,36723495
Sea Point,3,3.5,,2,10.71441777,252,Rental,36721868
Rondebosch,2,2,,1,9.680344001,,Rental,36814160
Sea Point,2,2,,1,10.53209621,,Rental,36782131
Oranjezicht,2,1,,2,9.903487553,80,Rental,36705664
Sea Point,1,1,The Flamingo 6 Regent Road Sea Point,0,9.532423871,,Rental,36799733
Claremont Upper,1,1.5,Intaba 25 Protea Rd,1,9.71111566,55,Rental,31168606
Woodstock,1,1,85 Albert Road,0,9.798127037,54,Rental,32432004
Mouille Point,3,4,,2,11.91839057,541,Rental,36721903
Newlands,2,2,"76 Main Street, Newlands, Cape Town",0,10.18490001,181,Rental,36765774
Newlands,2,2.5,,2,10.20359214,86,Rental,35763479
Claremont,2,1.5,"413 Lynwood Gardens, 21 Pintree Avenue",1,9.546812609,83,Rental,36634342
Foreshore,2,2,Harbour Arch Boulevard,1,10.59663473,86,Rental,36548279
Newlands,1,1,,1,9.536040512,,Rental,36786865
Green Point,4,5,,3,11.91839057,,Rental,34144528
Mouille Point,3,3.5,,2,11.77528973,302,Rental,36758872
Wynberg,1,1,227 Milner Rd,1,9.104979856,,Rental,36602685
Bo Kaap,2,2,,0,9.825526011,,Rental,36834654
Cape Town City Centre,2,1,,1,9.61580548,,Rental,36833211
Cape Town City Centre,0.5,1,,1,9.433483923,,Rental,36832389
Green Point,3,2,,1,10.71441777,,Rental,36834694
Claremont Upper,2,2,,2,10.04324949,140,Rental,36804076
Rondebosch,4,4,,3,10.858999,206,Rental,36053263
Green Point,2,2.5,,1,10.81977828,123,Rental,36825726
Muizenberg,2,1,,0,8.980927208,,Rental,36834277
Sea Point,1,1,"18 Barkly Road, Sea Point",0,10.27505111,,Rental,34881406
Camps Bay,3,2,,3,10.57131693,,Rental,36793938
Vredehoek,2,2,,2,10.29214554,82,Rental,35799332
Mouille Point,3,3,,2,11.15625052,270,Rental,36747470
Mouille Point,1,1,"1943, Beach Road",1,11.15625052,,Rental,34695573
Green Point,4,2.5,,0,10.46310334,495,Rental,36719323
Vredehoek,2,2,,1,10.02127059,105,Rental,36771856
Camps Bay,4,5,,5,11.35040654,922,Rental,36713482
Camps Bay,4,4,,2,11.46163217,900,Rental,36055001
Constantia,1,1,,1,9.61580548,65,Rental,36819763
Green Point,2,2.5,30b St. George Road,2,10.56874953,140,Rental,36756423
Muizenberg,3,1,13 Milner Rd,0,9.895959286,171,Rental,36782340
Sea Point,2,2,,1,10.59663473,,Rental,36779275
Sea Point,2,1,15 Barkly Road,0,9.952277717,59,Rental,36530955
Vredehoek,2,1,,2,9.632334782,,Rental,36822764
Mouille Point,3,3.5,,2,11.77528973,302,Rental,36721900
Sea Point,2,1,,1,10.71441777,,Rental,36823963
Rondebosch,2,1,,0,9.648595303,,Rental,34939526
Observatory,2,2,,1,9.71111566,,Rental,36825880
Mouille Point,2,2.5,,1,10.46310334,109,Rental,36719454
Pinelands,1,1,,0,9.035986985,66,Rental,36803694
Mouille Point,3,3.5,,2,11.15625052,270,Rental,36741555
Constantia,4,3.5,,3,11.00209984,,Rental,36766851
Green Point,1,1,47 Main Rd,1,10.25765937,62,Rental,35327979
Fresnaye,0.5,1,15 Marseilles Avenue,0,9.680344001,41,Rental,35975763
Rondebosch,0.5,1,,0,9.433483923,,Rental,36734298
Sea Point,1,1,18 Barkly,0,10.27505111,92,Rental,35540646
Vredehoek,3,1,2 Grisnez Road,2,9.798127037,120,Rental,36545960
Green Point,2,2,"37 Main Road, Green Point",1,11.15625052,130,Rental,35067370
Foreshore,1,1,,1,9.61580548,45,Rental,35698376
Observatory,3,3,263 Lower Main Road,2,9.798127037,,Rental,32771689
Foreshore,3,3.5,,1,12.10071213,280,Rental,36647435
Pinelands,3,1.5,14 Hill Rise Road,8,10.30895266,,Rental,36706772
Sea Point,2,1,,1,9.798127037,92,Rental,36701779
Constantia,6,6.5,,7,11.77528973,,Rental,36729196
Rondebosch,0.5,1,,0,9.472704636,,Rental,36734472
Claremont Upper,2,1,,1,9.433483923,,Rental,32609169
Camps Bay,2,2.5,"3 Dunkeld Village, 16 Willesden Road Road",2,11.00209984,209,Rental,35415205
Plumstead,3,2,,6,10.18490001,669,Rental,36745790
Green Point,1,1,,1,9.392661929,60,Rental,35423331
Muizenberg,2,2,,1,9.903487553,,Rental,36776847
Kenilworth,2,1,,1,9.405084449,,Rental,36822702
Camps Bay,1,1,,0,9.798127037,26,Rental,36633459
Diep River,1,1,,1,9.076808979,,Rental,36777391
Mouille Point,3,4,,1,11.77528973,448,Rental,36713762
Rondebosch,4,3,"115, 115 Milner Road",6,10.71441777,,Rental,36743385
Fresnaye,4,3,,3,11.40756495,301,Rental,36729822
Sea Point,4,2,,2,10.59663473,292,Rental,36700931
Sea Point,2,1,,1,9.903487553,83,Rental,36700330
Sea Point,0.5,1,,1,9.825526011,36,Rental,36770847
Mouille Point,3,3.5,,2,11.77528973,302,Rental,36695031
Gardens,0.5,1,80 Queen Victoria,0,9.61580548,,Rental,36782674
Constantia,4,5,,6,11.91839057,,Rental,36715199
Constantia,3.5,2.5,"27 Shiraz Cres, 9 Cumberland Ave., Constantia",3.5,10.40426284,300,Rental,31148826
Tokai,3,2,,3,9.952277717,,Rental,36786255
Fresnaye,3,3,,2,10.46310334,135,Rental,35181565
Cape Town City Centre,1,1,,0,9.472704636,65,Rental,36699295
Higgovale,4,2,,2,11.28978191,600,Rental,36693674
Cape Town City Centre,0.5,0.5,,0,9.305650552,43,Rental,35129547
Newlands,0.5,1,,1,9.305650552,46,Rental,36831786
Sea Point,2,2,,2,10.59663473,97,Rental,36689830
Fresnaye,2,2,Fresnaye,0,10.6454249,130,Rental,36771827
Sea Point,1,1,13 Olivier Road,0,9.546812609,88,Rental,36599073
Camps Bay,3,2,4 Woodford Ave,2,10.38899537,160,Rental,32064370
De Waterkant,2,2,,2,10.08580911,98,Rental,27435192
Cape Town City Centre,0.5,1,50 Buitenkant St,1,9.159047078,36,Rental,33607913
Observatory,2,1,,1,9.61580548,178,Rental,33131773
Sea Point,1,1,,0,10.08580911,31,Rental,36826011
Cape Town City Centre,1,1,"17 Loop Street, Cape Town City Centre, Cape Town, 8000",1,10.1266311,,Rental,36655200
Pinelands,1,1,,1,8.987196821,38,Rental,36790748
Three Anchor Bay,2,2,,1,9.903487553,85,Rental,36690175
Clifton,2,2,,0,10.71441777,,Rental,36782670
Mouille Point,3,4,,4,11.91839057,541,Rental,36693423
Pinelands,0.5,1,Camissa Street,0,8.881836305,,Rental,36834899
Woodstock,1,1,"114 Harbour View, 4 Bromwell Street",1,9.099408811,50,Rental,36804750
De Waterkant,1,1,The Signature 4 Liddle Street De Waterkant Cape Town,1,10.1266311,,Rental,36782990
Observatory,1,1,,1,9.433483923,33,Rental,36695381
Wynberg,0.5,1,Grand Central 227 Main Road,1,8.411832676,,Rental,36792050
Gardens,2,2,,1,10.1266311,,Rental,36365159
Cape Town City Centre,0.5,1,,0,9.674074388,21,Rental,36784029
Cape Town City Centre,0.5,1,,0,9.305650552,60,Rental,36829695
Waterfront,2,2,,2,11.32055357,95,Rental,35559037
Cape Town City Centre,1,2,,0,8.987196821,,Rental,36823200
Cape Town City Centre,0.5,1.5,,1,9.60238246,33,Rental,36434756
Cape Town City Centre,0.5,1,,0,9.61580548,,Rental,36814419
Gardens,1,1,1 De Lorentz Street,1,9.878169745,,Rental,36769759
Sea Point,2,2,,1,10.04324949,101,Rental,36757967
Kenilworth,3,1,,0,9.543234787,,Rental,36768847
Sea Point,3,2.5,,3,10.34174248,500,Rental,36282334
Green Point,3,3.5,,4,11.28978191,402,Rental,31924382
Wynberg Upper,5,3,16 Waterloo Road,9,10.54534144,650,Rental,36667110
Cape Town City Centre,1,1,The Rose On 117 City Centre Cape Town,0,9.546812609,,Rental,36780429
Claremont,3,2,,2,9.903487553,90,Rental,36688156
Plumstead,3,2,,3,9.998797732,490,Rental,36730324
Constantia,2,2,,1,10.23995979,,Rental,36767836
Mouille Point,0.5,1,"301 Good Hope Park, 159 Beach Road",0,9.61580548,38,Rental,36031787
Sea Point,2,2,,1,10.1266311,124,Rental,36389425
Sea Point,2,2,,1,10.43117029,,Rental,36700178
Sea Point,0.5,1,,0,10.04324949,39,Rental,36799976
Sea Point,4,5,,2,11.77528973,300,Rental,36729470
Kenilworth,3,1,66 Third Ave Kenilworth Cape Town,1,8.853665428,96,Rental,31194322
Sea Point,1,1,Ocean View Drive,0,9.761347785,55,Rental,36704192
Claremont,2,1,,2,9.615472091,,Rental,34580385
Sea Point,0.5,1,,1,9.392661929,29,Rental,36755587
Sea Point,3,3,,2,11.22524339,196,Rental,36685974
Mouille Point,3,5,121 Beach Road,1,11.91839057,,Rental,36767212
Diep River,1,1,Austell Road,1,8.9226583,32,Rental,36733413
Claremont,1,1,,1,8.9226583,62,Rental,36776845
Sea Point,2,1,,1.5,10.23995979,105,Rental,35133573
Camps Bay,3,1,,1,10.46310334,920,Rental,36438410
Constantia,4,3,,4,11.46163217,,Rental,30927591
Newlands,8,5,,5,11.28978191,,Rental,36773673
Fresnaye,3,2,,0,10.91508846,476,Rental,36737368
Sea Point,2,1,,1,9.798127037,92,Rental,36707273
Sea Point,3,3,"801 Aigab, 33 Kloof Road",2,10.93310697,290,Rental,35618039
Sea Point,2,2.5,,2,10.37349118,111,Rental,35297026
Camps Bay,3,3,,2,10.75790288,160,Rental,36679287
Constantia,2,1,,1,9.998797732,,Rental,36767911
Mouille Point,1,2,,1,10.1266311,101,Rental,36713245
Fresnaye,1,1,,1,9.903487553,50,Rental,34985445
Cape Town City Centre,1,1,The Rose 117 On Strand Cape Town,1,9.61580548,,Rental,36775882
Gardens,1,1,93 Kloof Nek Road,1,9.952277717,,Rental,35372038
Kenilworth,2,1,5 Basset Road Kenilworth,1,9.648595303,,Rental,36493993
Camps Bay,1,1,,0,9.680344001,,Rental,36760737
Newlands,0.5,1,,1,9.472704636,,Rental,36769960
Mouille Point,3,5,,2,11.91839057,634,Rental,36712904
Plumstead,3,1,12 Meyer Street,2,9.998797732,,Rental,36764238
Bantry Bay,3,4,,2,11.81303006,410,Rental,33781473
Sea Point,1,1,,0,10.1266311,80,Rental,36714307
Sea Point,2,1,"2 Bellair, 2 Firmount Road",1,10.0647557,70,Rental,36366686
Green Point,2,2,,0,11.00209984,,Rental,36761903
Wynberg,4,1.5,,2,10.1266311,,Rental,36753799
Plumstead,3,2.5,,0,10.27505111,,Rental,36804619
Clifton,4,4,Kloof Rd Clifton,2,12.20607265,,Rental,36614647
Cape Town City Centre,3,4,Wale St,1,10.91508846,260,Rental,35154684
Camps Bay,2,2,,0,11.51292546,342,Rental,36741636
Camps Bay,3,1,"A2 Silvertree Place,30 Ravensteyn Road",2,10.6454249,400,Rental,36613130
Kenilworth,2,1,20 Puntars Way,1,9.61580548,190,Rental,36666037
Observatory,0.5,1,,1,9.104979856,45,Rental,36729910
Bantry Bay,1,1,,1,10.46310334,,Rental,36777234
Cape Town City Centre,2,2,147 Spin Street,0,10.1266311,135,Rental,36495777
Green Point,3,3.5,,2,10.77895629,,Rental,33716114
Bo Kaap,2,2,,1,10.30895266,80,Rental,36683341
Three Anchor Bay,0.5,1,,1,9.71111566,,Rental,36799236
Bantry Bay,6,6,,3,11.91839057,,Rental,36761575
Camps Bay,2,1,,1,10.1266311,60,Rental,36661524
Camps Bay,3,2.5,,1,10.81977828,130,Rental,36661583
Woodstock,1.5,1,"4 Bromwell St, Woodstock, Cape Town, 7915",1,9.680344001,70,Rental,36623771
Camps Bay,0.5,1,,1,9.740968623,45,Rental,36661465
Camps Bay,0.5,1,,1,9.680344001,45,Rental,36661504
Sea Point,2,3,,1,10.93310697,290,Rental,35069577
Vredehoek,2,2,,2,10.58405595,98,Rental,35759810
Constantia,4,3.5,,4,11.45635511,,Rental,35037636
Mouille Point,3,3.5,,2,11.08214255,270,Rental,36659559
Sea Point,2,2,,1,10.38899537,,Rental,35930903
Cape Town City Centre,1,1,,1,9.433483923,48,Rental,36745456
Sea Point,2,2,,1,10.30895266,,Rental,36744066
Sea Point,4,2.5,,3,11.14186178,367,Rental,36564679
Woodstock,1,1,45 Gympie Street,1,8.160518247,,Rental,35728505
Cape Town City Centre,2,1,,1,9.740968623,96,Rental,36726079
Sea Point,3,2,,1,10.77895629,127,Rental,36654833
Constantia,4,4,,6,11.22524339,421,Rental,36694863
Woodstock,1,1,Wex1 85 Albert Street Woodstock,1,9.525151112,,Rental,36794742
Camps Bay,4.5,5,,2,11.12726298,805,Rental,36702568
Constantia,13,13,,20,12.54254488,,Rental,36706026
Woodstock,2,1,,0,9.76995616,219,Rental,36650458
Cape Town City Centre,2,4,,1,10.66895539,123,Rental,36572306
Camps Bay,2,2,,3,10.54534144,145,Rental,36689894
Pinelands,4,2,,3,9.740968623,700,Rental,29873193
Sea Point,1,1,,0,10.1266311,99,Rental,36700004
Three Anchor Bay,1,1,,1,9.433483923,31,Rental,36734845
Camps Bay,4,5,,3,11.12726298,,Rental,33907842
Pinelands,1,1,,1,8.987196821,38,Rental,36817988
Camps Bay,5,6,,6,12.07254125,709,Rental,34788709
Rondebosch,2,1,,2,9.104979856,,Rental,36760229
Sea Point,1,1,,1,9.581903928,47,Rental,36792752
Cape Town City Centre,2,2,,1,9.903487553,86,Rental,33719137
Kenilworth,1,1,,0,9.011889433,42,Rental,36823216
Cape Town City Centre,2,2,,2,10.02127059,92,Rental,34391221
Claremont,3,2,,1,9.76995616,,Rental,33859822
Camps Bay,3,2,,1,10.38899537,,Rental,31233063
Claremont,2,1,,1,9.546812609,83,Rental,36556743
Camps Bay,5,4,123 Victoria Road,2,11.35040654,250,Rental,36574699
Sea Point,2,2,,1,10.16585182,101,Rental,35108844
Muizenberg,2,1,17 Royal Road,0,9.392661929,,Rental,35237363
Kenilworth,2,2,,2,9.532423871,,Rental,36736603
Tamboerskloof,1,1,15 Kenmore,0,9.952277717,,Rental,36735125
Sea Point,2,2,,1,10.858999,198,Rental,36548561
De Waterkant,2,1,The Signature 4 Liddle Street De Waterkant,1,10.59663473,,Rental,36782978
Higgovale,5,4,,6,11.69524702,727,Rental,36708717
Oranjezicht,2,1,"2a Prince Street, Oranjezicht, Cape Town",0,10.08580911,103,Rental,32681416
Fresnaye,4,4.5,,3,11.77528973,,Rental,36740432
De Waterkant,2,2,,2,10.59663473,,Rental,36751775
Gardens,2,1,,1,9.878169745,,Rental,36752458
Gardens,4,2,,0,10.40426284,,Rental,36728100
Higgovale,4,4,,2,11.32659589,,Rental,36726959
De Waterkant,2,1,,2,9.903487553,103,Rental,36578729
Camps Bay,0.5,1,,1,9.61580548,40,Rental,36661481
Observatory,1,1,,1,9.472704636,,Rental,36729934
Cape Town City Centre,1,1,"Neighbourgood East City, 60 Corporation St, Cape Town",0,9.61580548,,Rental,36630824
Sea Point,2,1,,1,10.02127059,78,Rental,36663022
Oranjezicht,1,1,,1,10.59663473,,Rental,36758225
Mouille Point,2,1,,2,10.37349118,,Rental,36755158
Sea Point,2,1.5,,1,10.22194128,109,Rental,36664777
Tamboerskloof,1,1,,1,9.664595644,,Rental,36797042
Cape Town City Centre,0.5,1,47 Buitenkant Street,0,9.392661929,,Rental,36734423
Cape Town City Centre,1,1,50 Buitekant Street,0,9.305650552,,Rental,36734120
Kenilworth,2,1,,1,9.392661929,,Rental,36818971
Mouille Point,1,1,,0,9.680344001,68,Rental,33139816
Sea Point,1,1,,1,10.30895266,,Rental,36779232
Rondebosch,2,1,4 Oakhurst Ave,0,10.12262308,69,Rental,35602923
Gardens,3,3.5,,2,10.91508846,309,Rental,36627397
Cape Town City Centre,1,2,,1,9.903487553,61,Rental,36628706
Sea Point,1,1,,1,9.738023113,37,Rental,36136816
Sea Point,3,2,,1,10.91508846,127,Rental,32752510
Sea Point,2,2,"405 Versailles, 219 Main Road",2,10.38899537,72,Rental,32597884
Tokai,3,2.5,,1,10.1266311,,Rental,36648498
Cape Town City Centre,1,1,,1,9.433483923,50,Rental,36538287
Bantry Bay,1,1,15 Avenue Alexandra Road Bantry Bay,1,9.798127037,,Rental,36748191
Green Point,0.5,1,,1,9.648595303,37,Rental,36627692
Cape Town City Centre,0.5,1,117 Strand Street,0,9.546812609,,Rental,36728651
Cape Town City Centre,2,2,,2,10.6454249,118,Rental,35456074
Muizenberg,3,2,10 Promenade Road,3,9.852194258,,Rental,36792070
Constantia,3,3,,2,11.28978191,,Rental,36766363
Fresnaye,2,2,,1,10.58405595,129,Rental,36531491
Cape Town City Centre,0.5,1,1 Coen Eytler St,1,9.61580548,39,Rental,36436770
Three Anchor Bay,1,1,,1,9.76995616,50,Rental,33006748
Sea Point,2,1,,1,9.798127037,92,Rental,32162831
Oranjezicht,2,2,,0,10.40426284,,Rental,36728186
Cape Town City Centre,0.5,1,,1,9.433483923,,Rental,35476994
Camps Bay,1,1,41 Theresa Ave,0,9.975808214,72,Rental,30865589
Higgovale,3,4,,2,10.81977828,310,Rental,36713456
Claremont,3,2,36 Keurboom Rd,3,10.57131693,580,Rental,36509982
Fresnaye,4,4,,4,11.27720313,633,Rental,36685783
Sea Point,1,1,6 Regent Rd,0,9.798127037,,Rental,36721716
Llandudno,1,1,11 Apostle Road,0,9.798127037,65,Rental,32355308
Sea Point,1,1,21 Bickley Rd,1,9.409191231,,Rental,31258191
Gardens,2,2,,2,10.08580911,90,Rental,32106401
Woodstock,3,1,,0,9.903487553,,Rental,36792943
Rondebosch,1,1,,0,9.392661929,,Rental,36777305
Muizenberg,3,2,,2,9.680344001,,Rental,36721070
Newlands,3,2,,6,10.6454249,568,Rental,36626390
Claremont,2,1.5,,0,9.159047078,,Rental,36797047
Rondebosch,1,1,,1,8.794824928,40,Rental,36831432
Mouille Point,2,2,,1,10.38899537,101,Rental,36713567
Constantia,4,3,,7,11.46163217,,Rental,36722355
Claremont,0.5,1,"The Claremont, 53 Main Road",0,9.350102314,42,Rental,36685928
Sea Point,0.5,1,2 Heylon Court 367 Main Road Sea Point,0,9.210340372,,Rental,36786550
Newlands,1,1,6 Thicket Street,0,9.581903928,31,Rental,36667579
Clifton,3,2,,0,11.69524702,,Rental,31974091
Foreshore,2,2,Harbour Arch Boulevard,1,10.53209621,86,Rental,36443335
Foreshore,2,2,Harbour Arch Boulevard,1,10.53209621,86,Rental,36443267
Foreshore,2,2,Harbour Arch Boulevard,1,10.53209621,86,Rental,36443211
Woodstock,0.5,1,,1,9.472704636,,Rental,36720876
Kenilworth Upper,2,2,,1,9.71111566,110,Rental,36673322
Bo Kaap,2,1,58 Leeuwen Street,1,9.648595303,85,Rental,29678720
De Waterkant,2,1,,0,10.20359214,,Rental,36777206
Vredehoek,2,1,,0,9.61580548,78,Rental,36787904
Muizenberg,0.5,1,,0,8.691146499,,Rental,36727472
Wynberg Upper,2,2,,2,10.1266311,,Rental,36713991
Bantry Bay,4,4,9a Bellwood Bellwood Road Bantry Bay,1,11.8493977,,Rental,36714835
Fresnaye,4,5,,4,12.20607265,,Rental,36727863
Rondebosch,1,1,,1,9.047821442,,Rental,36713455
De Waterkant,2,2,"Dockside Apartment, Mechau Street",2,10.57131693,133,Rental,36732998
Camps Bay,5,4.5,,2,10.96819829,,Rental,36718037
Higgovale,3,4,2 Summerseat Close,2,11.28978191,300,Rental,36434714
Sea Point,3,2,67 Regent Road,2,10.71441777,152,Rental,34905004
Plumstead,3,2,,2,9.998797732,,Rental,36709397
Mouille Point,1,1.5,,1,10.1266311,101,Rental,36680023
Newlands,2,1,3 Letterstedt Rd,1,9.798127037,67,Rental,36806247
Constantia,4,4,,5,11.28978191,,Rental,33849065
Tokai,3,2,,0,9.975808214,496,Rental,36090193
Camps Bay,3,3,,2,10.81977828,,Rental,34161836
Oranjezicht,1,1,6 Rugby Road,1,9.648595303,55,Rental,36645334
Rondebosch,2,1,27 Main Road,0,8.699514748,,Rental,36604506
Mouille Point,3,2,,1,11.00209984,153,Rental,36661697
Clifton,4,2.5,,1,12.07254125,,Rental,36702350
Camps Bay,3,2,,3,10.57131693,,Rental,36706388
Cape Town City Centre,0.5,1,,1,9.510444964,35,Rental,36618631
Sea Point,1,1,,1,9.825526011,,Rental,36770154
Camps Bay,5,5.5,,8,11.91839057,,Rental,36702167
Sea Point,2,2,,1,10.20359214,,Rental,36721276
Cape Town City Centre,3,4,,1,12.10071213,280,Rental,36608570
Wynberg,0.5,1,"Grand Central, 227 Main Road",1,8.476371197,,Rental,36792159
Gardens,2,1,,1,10.30895266,,Rental,36709496
Sea Point,4,4,4 Cassell Rd,2,11.22524339,,Rental,34079107
Newlands,3,2,,2,10.1266311,,Rental,36770344
Sea Point,1,1,130 Ocean View Drive,0,10.16585182,58,Rental,34367875
Newlands,1,1,,1,9.648595303,,Rental,36706743
Camps Bay,2,2,,1,10.49127422,200,Rental,36612651
Three Anchor Bay,2,1,Horizons 6 Three Anchor Bay Road Three Anchor Bay,1,9.852194258,72,Rental,36752342
Observatory,5,3,10 Bellevliet Rd,0,8.853665428,150,Rental,34894904
Camps Bay,4,4.5,,2,11.08214255,350,Rental,31261314
Kenilworth Upper,3,1.5,,1,9.680344001,133,Rental,35077986
Plumstead,2,1,,1,9.104979856,,Rental,36752633
Cape Town City Centre,0.5,1,,0,9.259130536,47,Rental,36731512
Plumstead,3,3,33b Honiton Road,2,9.952277717,300,Rental,36492671
Llandudno,2,1,,6,11.22524339,,Rental,36709405
Camps Bay,4,4,,4,11.46163217,,Rental,36736753
Muizenberg,2,2,The Tides 39 Royal Road,1,9.546812609,,Rental,36699811
Woodstock,1,1,,0,8.853665428,,Rental,36705890
Diep River,2,1,,2,9.581903928,211,Rental,36042056
Gardens,2,1,,1,9.952277717,,Rental,35342109
Sea Point,5,5,,3,11.65268741,,Rental,36701038
Constantia,4,3,,0,11.60823564,,Rental,36700127
Three Anchor Bay,0.5,1,207 Main Road,0,9.472704636,30,Rental,33978965
Sea Point,3,2,,1,10.91508846,127,Rental,36654803
Foreshore,1,1,11 Christiaan Barnard Street,1,9.61580548,43,Rental,35538065
Green Point,2,2,26 Chepstow Road,1,10.46310334,111,Rental,35186790
Cape Town City Centre,2,2,,2,10.40426284,152,Rental,36614237
Green Point,2,2,,1,10.02127059,,Rental,36736633
Gardens,1,1,3 Derwent Road,1,9.798127037,,Rental,36538983
Plumstead,1,1,,1,8.968268811,,Rental,36797053
Constantia,3,2.5,,5,11.14186178,238,Rental,36729467
Llandudno,3,3.5,,4,11.51292546,,Rental,36147010
Three Anchor Bay,2,1.5,,0,10.81977828,,Rental,36689850
Sea Point,1,1,20 Avenue De Le Hermite Sea Point Flatlet,0,9.61580548,,Rental,36695232
Camps Bay,4,2,,1,11.08214255,,Rental,32556625
Three Anchor Bay,0.5,1,,1,9.259130536,,Rental,36825204
Sea Point,0.5,1,6 Regent Rd,0,9.61580548,,Rental,36700280
Sea Point,3,3.5,2 Chatsworth 67 Regent Road Sea Point,2,10.71441777,249,Rental,36598896
Woodstock,0.5,1,,1,9.472704636,,Rental,36696349
Woodstock,0.5,1,Albert Road,1,9.472704636,,Rental,36694677
Camps Bay,3,3,"30 First Crescent, Camps Bay",6,10.58405595,330,Rental,35289575
Clifton,3,2,,2,10.91508846,168,Rental,34113973
Sea Point,2,2,,1,10.49127422,,Rental,36714440
Camps Bay,1,1,,0,9.740968623,50,Rental,36699801
Kenilworth Upper,3,2.5,,3,10.38899537,268,Rental,36648558
Oranjezicht,3,2,,2,10.66895539,750,Rental,28827910
Camps Bay,4,4,,1,11.46163217,905,Rental,36101922
Foreshore,1,1,,1,9.903487553,55,Rental,36790933
Oranjezicht,2,1,,2,10.04324949,,Rental,36828407
Green Point,2,2,,0,10.0647557,98,Rental,36597452
Oranjezicht,1,1,,0,9.510444964,,Rental,36773440
Tokai,4,4,,8,11.35040654,,Rental,31616654
Llandudno,3,1,,6,11.60823564,,Rental,36709440
Sea Point,4,3,,2,11.00209984,225,Rental,36671969
Camps Bay,5,6,,6,12.07254125,,Rental,32687311
Claremont,3,2.5,Herschel Rd & Oak Rd Claremont,1,9.903487553,,Rental,36467646
Vredehoek,0.5,1,,0,9.350102314,40,Rental,36584191
Newlands,1,1,,1,9.159047078,41,Rental,36397396
Sea Point,2,2.5,,1,10.93310697,324,Rental,36675000
Sea Point,2,1.5,239 High-level Road,1,10.02127059,92,Rental,33831877
Foreshore,0.5,1,,1,9.510444964,35,Rental,36579330
Waterfront,3,4,West Quay Road,3,12.30138283,491,Rental,35171822
Cape Town City Centre,1,1,,1,9.433483923,50,Rental,33219734
Muizenberg,1,1,56 Beach Rd,1,9.61580548,,Rental,36546215
Tamboerskloof,3,1,,0,9.798127037,113,Rental,36760750
Constantia,7,5.5,,7,11.26446411,,Rental,36684934
Claremont,3,1,Brooke Street,2,9.852194258,,Rental,36683304
Wynberg,3,2,,0,9.784140795,,Rental,36682810
Fresnaye,2,2,,2,10.71441777,138,Rental,36665641
Llandudno,1,1,,6,10.59663473,,Rental,36709401
Camps Bay,3,4,,2,11.54248427,,Rental,36700343
Bantry Bay,2,2,,1,10.02127059,,Rental,36713291
Observatory,2,2,,2,9.740968623,73,Rental,36575075
Waterfront,2,2,"11 South Arm Rd, Victoria & Alfred Waterfront, Cape Town",2,10.858999,91,Rental,36322091
Woodstock,3,1,,2,9.825526011,169,Rental,36680907
Sea Point,1,1,,0,10.23995979,,Rental,36679866
Camps Bay,4,2,8 Woodhead Close Townhouse 4 Camps Bay,2,10.81977828,,Rental,36674463
Gardens,3,2,Gordon Street,0,10.25765937,200,Rental,36533687
Sea Point,1,1.5,,1,9.998797732,88,Rental,36594590
Oranjezicht,3,1.5,,0,10.59663473,185,Rental,36197668
Gardens,1,1,,0,9.491752831,56,Rental,33569791
Llandudno,4,2.5,,3,11.35040654,993,Rental,36657846
Sea Point,1,1,The Flamingo 6 Regent Road Sea Point,0,9.740968623,,Rental,36742311
De Waterkant,1,1.5,23 Loader Street,2,10.59663473,175,Rental,36493778
Camps Bay,4,5,,4,11.77528973,,Rental,35543655
Sea Point,3,2,,1,10.59663473,110,Rental,34080329
Plumstead,3,1.5,,3,9.998797732,490,Rental,36687913
Gardens,4,3,,2,10.81977828,869,Rental,36632074
Pinelands,5,4,,13,10.73639668,,Rental,36568471
Cape Town City Centre,1,1,,0,9.71111566,48,Rental,29132189
Llandudno,1,1,,0,9.740968623,,Rental,36835590
Tamboerskloof,2,2,,1,10.69194491,115,Rental,36562799
Pinelands,1,1,,1,8.9226583,,Rental,36696061
Waterfront,3,3,,2,11.12726298,160,Rental,36535472
Camps Bay,4,3,5 Atholl Road,1,12.1281111,,Rental,36713131
Vredehoek,1,1,,1,9.546812609,95,Rental,36798072
Waterfront,2,2,,0,10.46595641,,Rental,35222993
Cape Town City Centre,1,1,,0,9.61580548,,Rental,36738882
Sea Point,3,2,Beach Road,2,10.4341158,127,Rental,36176196
Cape Town City Centre,1,1,,1,9.648595303,70,Rental,36647912
Sea Point,1,1,,0,9.878169745,53,Rental,34658990
Gardens,3,2,,1,10.59663473,230,Rental,36557134
Claremont,3,2,,1,10.08580911,,Rental,36661128
Sea Point,2,2,,2,10.38899537,,Rental,36657616
Cape Town City Centre,1,1,,0,9.433483923,,Rental,35602253
Muizenberg,3,3,,4,9.878169745,,Rental,36720847
Sea Point,2,2,,1,10.38899537,,Rental,35261206
Kenilworth,2,1,,0,9.305650552,,Rental,36665409
Green Point,2,2,,0,10.08580911,186,Rental,36607384
Sea Point,2,1,,1,9.952277717,,Rental,36739003
Cape Town City Centre,0.5,1,,0,9.667765219,30,Rental,36546482
Oranjezicht,4,3,,2,11.69524702,507,Rental,36610428
Sea Point,1,1,239 Beach Road,1,10.02127059,76,Rental,36529564
Fresnaye,4,5,,2,11.51292546,,Rental,36657809
Fresnaye,2,2.5,,1,10.93310697,324,Rental,36582909
Waterfront,2,2,,2,11.00209984,130,Rental,36535463
Cape Town City Centre,2,2,Corner Of Wale and Burg Street,1,10.30895266,105,Rental,36241491
Woodstock,2,1,,0,9.472704636,105,Rental,31086554
Tamboerskloof,2,1,,1,9.592195614,,Rental,36802995
Cape Town City Centre,0.5,1,Long St Cape Town City Centre,0,9.472704636,19,Rental,34820748
Pinelands,3,2,,1,9.510444964,102,Rental,36539005
Gardens,3,3,,3,10.91508846,250,Rental,36600155
Sea Point,3,2,,1,10.71441777,110,Rental,35179985
Woodstock,1,1,"52 Strand Street, Woodstock",1,9.071078305,43,Rental,34579108
Bantry Bay,4,5,,4,12.01370075,753,Rental,36591900
De Waterkant,2,2,"712, 2 De Smidt",2,11.15625052,185,Rental,36625699
Constantia,4,3,,2,11.46163217,,Rental,36715849
Observatory,2,2,,0,9.546812609,,Rental,36675874
Cape Town City Centre,0.5,1,47 Buitenkant Street,0,9.392661929,,Rental,36734300
Gardens,3,3,15 Orange Street,2,11.73606902,577,Rental,36532670
De Waterkant,1,1,The Signature 4 Liddle Street De Waterkany,1,10.30895266,,Rental,36643869
Diep River,1,1,,1,8.987196821,,Rental,36793285
De Waterkant,1,1,4 Liddle Street,1,10.1266311,,Rental,34512882
Tamboerskloof,2,2,,2,10.89673933,,Rental,29027958
Rondebosch,0.5,1,,0,9.024010794,,Rental,36759574
Mouille Point,2,2,,0,10.29214554,101,Rental,36680093
Cape Town City Centre,0.5,1,117 Strand Street,0,9.546812609,,Rental,36728546
Vredehoek,2,2,Exner Ave,2,10.30895266,110,Rental,33538167
Sea Point,2,1,,1,10.46310334,,Rental,35392130
Cape Town City Centre,0.5,1,,0,9.595602773,28,Rental,36597158
Newlands,2,1,"1275 Berkeley Square, 173 Main Road",1,9.472704636,,Rental,36614567
Tamboerskloof,3,2,,2,10.1064284,,Rental,36707303
Camps Bay,4,3,,1,11.08214255,,Rental,36721402
Green Point,1,1,,0,10.02127059,,Rental,36698740
Claremont,4,1.5,"Westlodge, 1 Pinetree Avenue",2,9.612466579,,Rental,36730104
Oranjezicht,4,3.5,8 Stephen Street,1,10.81977828,230,Rental,32162073
Claremont,2,1.5,,1,9.392661929,83,Rental,35535839
Clifton,2,2,20 Victoria Road,1,11.46163217,,Rental,32001916
Observatory,1,1,,1,9.433483923,,Rental,36633620
Wynberg,1,1,,0,8.732304571,,Rental,36763733
Observatory,2,1,,1,9.546812609,,Rental,36633617
Observatory,4,2,22 Scott Rd,0,8.455317788,222,Rental,36048023
Camps Bay,4,4,,2,11.46163217,,Rental,36631749
Rondebosch,1,1,,0,8.926650321,,Rental,36759228
Cape Town City Centre,1,1,,1,9.798127037,68,Rental,35694079
De Waterkant,1,1,The Signature 4 Liddle Street De Waterkant,1,10.30895266,,Rental,36643764
Rondebosch,0.5,1,,1,9.287301413,38,Rental,36597296
Mouille Point,1,1,37 Beach Road,1,9.71111566,43,Rental,33800383
Camps Bay,4,3,,2,11.12726298,,Rental,35449453
Fresnaye,4,3,,2,10.81977828,,Rental,36632590
Foreshore,1,1,,0,9.667765219,,Rental,36651494
Pinelands,1,1,"102 Logan Way, Cape Town",2,8.987196821,45,Rental,36608407
Claremont Upper,1,1,25 Protea Road,1,9.841612149,60,Rental,35073565
Bantry Bay,3,3,,2,11.60823564,,Rental,35513168
De Waterkant,2,1,,0,10.20359214,,Rental,36699995
Cape Town City Centre,2,2,,2,10.16585182,,Rental,36699379
Kenilworth Upper,5,3.5,,5,11.08214255,281,Rental,36558949
Foreshore,0.5,1,"603 Canal Quays, 1 Anchor Way",1,9.825526011,,Rental,33766743
Kenilworth,1,1,10 Twilley St,1,8.974618038,48,Rental,31622181
Newlands,2,2,6 Thickett Street,2,10.46310334,102,Rental,36534169
Observatory,1,1,,1,9.047821442,,Rental,36684987
Camps Bay,3,2,,2,11.22524339,349,Rental,36556793
Rondebosch,1,1,,1,9.350102314,43,Rental,36772548
Fresnaye,4,3,,3,11.40756495,301,Rental,36510062
Fresnaye,2,1,,0,10.30895266,90,Rental,36577810
Claremont,4,2.5,14 Lincoln Road,2,10.46310334,527,Rental,36515395
Sea Point,2,2,,1,10.1266311,95,Rental,33628901
Kenilworth,2,1,,2,9.392661929,120,Rental,33269515
Cape Town City Centre,1,1,,0,9.71111566,,Rental,36628361
Sea Point,1,1,21 Bickley Road,1,9.46498259,,Rental,33106012
Camps Bay,2,1,,1,10.04324949,70,Rental,36538431
Tamboerskloof,2,2,,1,10.59660973,,Rental,36633983
Cape Town City Centre,1,1,,0,8.455317788,,Rental,34401846
Foreshore,0.5,1,,1,9.729134165,30,Rental,36585542
Green Point,2,2,,0,10.23995979,108,Rental,36681106
Llandudno,4,2,,5,11.35040654,,Rental,36645942
Gardens,2,1,,1,9.588776808,,Rental,36676203
Sea Point,2,2,,1,10.6454249,90,Rental,36602796
Tokai,3,2,,1,10.1266311,148,Rental,36578229
Pinelands,5,5,,7,10.73639668,,Rental,36540445
Sea Point,1,1,,1,10.30895266,37,Rental,36584271
Claremont,3,1,,1,9.648595303,,Rental,36732213
Mouille Point,2,2,,2,10.49127422,116,Rental,36533997
Gardens,3,3.5,,2,11.73606902,,Rental,36606999
Bo Kaap,2,2.5,,2,10.65725935,184,Rental,36576011
Green Point,1,1,,1,9.903487553,67,Rental,32564122
Sea Point,3,2,,2,10.91508846,184,Rental,35211444
Tamboerskloof,2,1,,1,10.02127059,,Rental,36588266
Bantry Bay,3,2,"Kloof Palms 114 Kloof Rd, Bantry Bay, Cape Town 8060",1,11.91839057,,Rental,36591876
Camps Bay,3,2,,1,10.16585182,83,Rental,36451544
Cape Town City Centre,0.5,1,,1,9.546812609,41,Rental,35712904
Foreshore,1,1,Canal Quays 1 Cast Anchor Way,1,9.885832617,101,Rental,34962728
Sea Point,2,2,,1,10.91508846,150,Rental,29864475
Three Anchor Bay,0.5,1,,0,9.104979856,30,Rental,36678375
Camps Bay,2,2,,1,10.1266311,,Rental,36734897
Sea Point,2,2,,1,10.30895266,120,Rental,36473597
Muizenberg,2,3,1 Box Road Muizenberg,4,9.798127037,200,Rental,30109236
Wynberg,1,1,,0,8.732304571,22,Rental,36720758
Three Anchor Bay,3,2,,2,10.71441777,,Rental,36702533
Wynberg,1,1,227 Main Road Wynberg,1,8.748304912,36,Rental,36376506
Foreshore,1,1,12 Christiaan Barnard Street,0,9.667765219,30,Rental,36542908
Rondebosch,0.5,1,,0,9.024010794,,Rental,36759631
Gardens,3,3,"2, 19 Orange Road",0,11.35040654,315,Rental,36581165
Sea Point,2,1,,1,9.998797732,,Rental,36773116
Camps Bay,1,1,9 Hoopoe Av.,1,9.61580548,35,Rental,32557707
Observatory,2,2,,1,9.648595303,,Rental,35374072
De Waterkant,2,2,,2,10.1266311,90,Rental,36610216
Bantry Bay,3,3,The Bantry Apartments 102 Kloof Rd Bantry Bay 8005,0,11.9511804,,Rental,36591634
Camps Bay,2,1,,1,10.54534144,90,Rental,36200474
Diep River,2,1,,0,9.433483923,,Rental,36559165
Wynberg,1,1,,1,8.648221454,,Rental,36737205
Fresnaye,2,2,,1,10.91508846,135,Rental,34751489
Cape Town City Centre,3,3.5,,2,11.69524702,577,Rental,36344131
Bantry Bay,3,3,,2,11.81303006,,Rental,35242102
De Waterkant,1,1,,2,9.998797732,,Rental,36557232
Camps Bay,5,5,,1,11.35040654,,Rental,36575645
Claremont,2,1,,2,9.952277717,,Rental,36674515
Cape Town City Centre,1,1,"57 Heerengracht St, Cape Town City Centre, Cape Town, 8001",2,9.61580548,40,Rental,34158957
Bantry Bay,2,3,,2,11.46163217,186,Rental,36409861
Cape Town City Centre,2,2,,1,10.71330604,,Rental,35234872
Tamboerskloof,3,2,,1,11.22524339,,Rental,36576959
Sea Point,2,2,12 Quendon Rd,0,10.51867319,95,Rental,31720174
Three Anchor Bay,3,3,5 Stone Road,0,10.46310334,,Rental,36610798
Claremont,2,1,,1,9.61580548,184,Rental,36428088
Foreshore,1,1,"1408, 27 St Georges Mall Street",0,9.546812609,34,Rental,36648868
Kenilworth,3,1,,2,10.04324949,348,Rental,36579463
Muizenberg,3,2,258 Main Road,1,10.59663473,354,Rental,36343876
Claremont Upper,1,1,25 Protea Road,1,9.680344001,60,Rental,36488689
Woodstock,1,1,,0,9.472704636,,Rental,36540183
Tokai,4,2,,2,10.1266311,,Rental,36557948
Green Point,3,2,,2,10.46310334,,Rental,36564906
Pinelands,2,1,"313 Kings Block House, 1 Camissa",1,9.61580548,57,Rental,36613005
Constantia,7,9,,6,11.98292909,,Rental,28591397
Observatory,1,1,9 Dodds Road Observatory,1,8.779557456,20,Rental,30016024
Cape Town City Centre,1,1,1 Hans Strijdom Ave,1,9.510444964,48,Rental,36509011
Green Point,5,6,,3,11.65268741,236,Rental,36454583
Kenilworth,3,2,,1,10.02127059,,Rental,36653736
Sea Point,0.5,1,6 Regent Street,0,9.61580548,,Rental,36721994
Cape Town City Centre,0.5,1,6 St Georges Mall,0,9.350102314,31,Rental,36073677
Muizenberg,3,1,,0,9.230142999,,Rental,36529606
Diep River,0.5,1,"Musgrave Park, 40 Old Kendal Road, Diep River, Cape Town",1,8.411832676,,Rental,32432589
Sea Point,2,1,,1,10.04324949,104,Rental,34693787
Llandudno,2,1,,1,10.59663473,,Rental,34466018
Observatory,3,1,38 Lower Rochester Road,1,8.612503371,,Rental,32357981
Camps Bay,4,4,,6,11.15625052,485,Rental,36374202
Wynberg Upper,3,2,,2,10.40426284,,Rental,35003525
Sea Point,3,3,,2,11.51292546,,Rental,36564349
Wynberg,1,1,3-19 Barnstaple Road,1,8.961879013,,Rental,36507346
Foreshore,1,1,,1,9.825526011,55,Rental,35096333
Newlands,6,4,,10,11.08214255,,Rental,36511519
Gardens,2,2,,1,9.852194258,80,Rental,36504466
Observatory,1,1,,0,9.024010794,,Rental,36606511
Observatory,1,1,,1,9.852194258,50,Rental,34282074
Llandudno,3,2.5,11 Fishermans Bend,7,11.22524339,,Rental,36299097
Sea Point,3,3,,1,10.81977828,302,Rental,36170966
Oranjezicht,2,2.5,,1,9.903487553,146,Rental,32886179
Woodstock,3,1,,0,9.392661929,,Rental,36592061
Cape Town City Centre,1,1,,1,9.825526011,,Rental,31677697
Green Point,5,6,,3,11.65268741,,Rental,36493835
Sea Point,0.5,1,Ashkelon 15 London Road Sea Point,0,9.210340372,,Rental,36564149
Bantry Bay,6,6,,1,12.76568843,,Rental,36487190
Woodstock,2,2,,1,9.903487553,86,Rental,36431364
Constantia,6,4,,4,10.96819829,,Rental,36544208
Waterfront,2,2,,2,11.60823564,179,Rental,36363965
Sea Point,3,2,,2,11.04292184,,Rental,36539154
Sea Point,1,1,21 Bickley Road,1,9.409191231,,Rental,34082704
Bantry Bay,4,5,,2,12.01370075,753,Rental,28657953
Diep River,1,1,,0,8.612503371,,Rental,33824563
Kenilworth,3,1.5,8 June Street,2,9.903487553,100,Rental,36411092
Wynberg Upper,2,2,,1,9.998797732,,Rental,35004716
Sea Point,2,2,,0,9.740968623,,Rental,36591068
Gardens,0.5,1,,0,9.510444964,25,Rental,33986290
Foreshore,1,1,"504a Vida D'chette, 21 Martin Hammerschlag Way",0,8.955448122,,Rental,35577563
De Waterkant,1,1,40 Chippini Street,1,10.81977828,,Rental,36633924
Woodstock,2,2,,0,9.740968623,87,Rental,36561214
Tamboerskloof,2,1,,1,9.798127037,,Rental,36797044
Green Point,1,1,,1,9.903487553,67,Rental,35440325
Sea Point,2,2,,1,10.59663473,,Rental,36549384
Claremont Upper,1,1,,1,9.392661929,,Rental,36572199
Claremont,4,2,,5,10.40426284,,Rental,36459883
Waterfront,3,3,,2,11.69524702,192,Rental,33315909
Green Point,2,2,10 Ravenscraig Street,2,10.71441777,,Rental,35029704
Constantia,5,4.5,,2,11.40756495,,Rental,36517891
De Waterkant,2,2,,2,11.46163217,230,Rental,36404263
Woodstock,1,1,105 Sussex Mews 55 Sussex Street,0,9.798127037,,Rental,36451185
Sea Point,3,2.5,,1,10.23995979,,Rental,36714899
Rondebosch,2,2,,1,9.798127037,,Rental,36574417
Cape Town City Centre,3,3,,2,12.10071213,,Rental,36494217
Mouille Point,2,1,,0,9.903487553,,Rental,36458095
Cape Town City Centre,2,1,Manhatten Place 130 Bree Street Cape Town,1,10.59663473,,Rental,36450497
Cape Town City Centre,0.5,1,,0,9.61580548,,Rental,36468366
Three Anchor Bay,2,1,Princeton Camberwell Road 3 Anchor Bay.,0,9.798127037,,Rental,36534285
Llandudno,2,1,,3,10.59663473,,Rental,35618735
Clifton,0.5,1,,0,9.71111566,42,Rental,36472561
Foreshore,2,1,1 Lower Bree Street,1,10.40426284,89,Rental,35811652
Muizenberg,3,2,Scarborough Road,2,10.1266311,,Rental,36481168
Cape Town City Centre,1,1,"Neighbourgood Harrington, 84 Harrington St, Cape Town",1,10.47700625,,Rental,36231635
Camps Bay,4,5,,4,11.60823564,,Rental,35739858
Foreshore,0.5,1,,1,9.392661929,,Rental,36437131
Wynberg,1,1,,1,8.29404964,,Rental,36647846
Newlands,6,4,,8,11.08214255,,Rental,36500276
Vredehoek,2,2,,2,10.16585182,90,Rental,32716159
Newlands,1,1,"10 Hemlock Road, 10 Hemlock Road",1,9.92329018,40,Rental,35691925
Clifton,4,5,,2,12.32385568,,Rental,36368737
Camps Bay,3,4,,2,11.54248427,,Rental,36509962
Mouille Point,2,2.5,,1,10.46310334,109,Rental,36366238
Foreshore,1,1,"514a Vida D'chette, 21 Martin Hammerschlag Way",0,8.985946039,,Rental,36006950
Sea Point,0.5,1,,1,9.903487553,,Rental,36532476
Sea Point,1,1,,0,9.680344001,60,Rental,36383865
Camps Bay,4,4,,4,11.35040654,,Rental,34246783
Sea Point,2,1,281 Beach Road,1,9.998797732,,Rental,36520104
Cape Town City Centre,1,1,Christiaan Barnard Street,0,9.648595303,,Rental,33968840
Camps Bay,3,3,,2,11.54248427,456,Rental,25631947
Camps Bay,3,3,,2,11.54248427,,Rental,32920060
Rondebosch,3,1,,0,8.612503371,,Rental,36118849
Observatory,1,1,,0,8.999619341,,Rental,36511778
Foreshore,1,1,"512 Vida D'chette, 21 Martin Hammerschlag Way",0,9.698306702,,Rental,35580808
Cape Town City Centre,1,1,"106 220 Loop, 220 Loop Street",1,9.994241916,,Rental,36413237
Kenilworth,2,1,,2,9.680344001,80,Rental,36411169
Bantry Bay,6,6,,4,11.91839057,642,Rental,36291873
Cape Town City Centre,0.5,1,,0,8.948975608,,Rental,36083360
Woodstock,1,1,103 Sussex Mews 55 Sussex St Woodstock,0,9.61580548,,Rental,36451007
Foreshore,1,1,,1,9.740968623,50,Rental,36270050
Sea Point,4,4.5,,1,11.81303006,401,Rental,36442152
Green Point,1,1,"2 Ravenscraig Rd, Green Point",0,9.903487553,,Rental,36178612
Fresnaye,4,3.5,,2,11.51292546,650,Rental,36414566
Clifton,3,3.5,,4,12.32385568,308,Rental,36365786
Sea Point,1,1,,1,9.632334782,,Rental,36474822
Higgovale,4,3,2 Summerseat Close,2,10.81977828,250,Rental,35222270
Cape Town City Centre,1,1,,0,9.210340372,,Rental,36673567
Sea Point,1,1,Kei Apple Grove,1,10.77895629,57,Rental,35909596
Tokai,6,4.5,,8,11.40756495,,Rental,34758556
Muizenberg,1,1,,1,8.612503371,219,Rental,36476473
Mouille Point,0.5,1,,0,9.472704636,32,Rental,31557412
Bo Kaap,1,1,,1,9.852194258,,Rental,36472122
Cape Town City Centre,0.5,1,,0,8.935903526,,Rental,35969026
Sea Point,3,3,,2,10.71441777,170,Rental,36260366
Foreshore,1,1,"511 Vida D'chette, 21 Martin Hammerschlag Way",0,9.710509416,,Rental,36042028
Clifton,5,4,,0,12.4292162,403,Rental,36206136
Llandudno,8,8,,5,12.01370075,,Rental,36437739
Cape Town City Centre,2,2,,1,10.46310334,103,Rental,36252648
Sea Point,3,2,,2,10.65725935,325,Rental,36303069
Constantia,3,2.5,,6,10.59663473,,Rental,36360562
Oranjezicht,1,1,,1,9.210340372,,Rental,36522589
Bo Kaap,2,2,,1,9.852194258,,Rental,36442526
Foreshore,1,1,,0,9.61580548,48,Rental,36321442
Rondebosch,2,1,8 Forrest Road,1,9.510444964,,Rental,36512544
Tamboerskloof,3,4,,2,11.15625052,412,Rental,34841769
Bo Kaap,2,2,,1,9.903487553,,Rental,36435244
Llandudno,4,2,,3,11.22524339,991,Rental,36326753
Tokai,1,1,3 Trellis Road,2,9.305650552,45,Rental,35618371
Green Point,1,1,2 Hill Rd,0,9.650464523,,Rental,35408004
Cape Town City Centre,0.5,1,6 St Georges Mall,1,9.350102314,31,Rental,35428338
Green Point,2,1,,1,10.1266311,,Rental,36335171
Wynberg,1,1,,1,8.843615092,,Rental,36532836
Foreshore,1,1,,1,9.61580548,,Rental,36422817
Sea Point,2,2,,2,9.903487553,,Rental,33804895
Cape Town City Centre,2,2,THE Icon Cape Town,1,10.55841352,,Rental,36647649
Cape Town City Centre,0.5,1,,0,9.472704636,,Rental,36065468
Constantia,7,9,,6,11.98292909,,Rental,36324043
Foreshore,1,1,"201 Vida D'chette, 21 Martin Hammerschlag Way",0,9.615138591,,Rental,36304920
Higgovale,4,3.5,,4,12.01370075,246,Rental,36033674
Sea Point,0.5,1,,1,9.392661929,,Rental,36714382
Cape Town City Centre,3,3,,1,10.71441777,108,Rental,36245483
Three Anchor Bay,5,4,,2,11.13458902,,Rental,36249344
Clifton,4,3,,2,12.4292162,392,Rental,32723638
Newlands,1,1,10 Hemlock Rd,1,9.798127037,,Rental,35422397
Foreshore,0.5,1,,1,9.472704636,,Rental,36422858
Bantry Bay,5,6,,4,12.76568843,,Rental,32527958
Constantia,7,9,,4,11.98292909,,Rental,36275524
Constantia,7,10,,3,11.98292909,,Rental,36257262
Cape Town City Centre,3,3,,2,11.35040654,,Rental,36247308
Tokai,2,2,380 Main Road,1,9.971146201,60,Rental,35733607
Sea Point,2,2,,1,10.91508846,150,Rental,32474396
Foreshore,0.5,1,"818 The Rockefeller, 12 Christiaan Barnard Street,",0,9.354440716,30,Rental,35207350
Camps Bay,5,5.5,,2,11.73606902,868,Rental,36116280
Newlands,3,3.5,,2,10.54534144,,Rental,33915990
Fresnaye,3,3.5,,3,11.91839057,420,Rental,35871182
De Waterkant,2,2,,2,10.54534144,,Rental,36232875
Llandudno,4,4,8 Fawcett,3,11.14186178,,Rental,36230739
Newlands,4,4,,1,10.91508846,,Rental,36257186
Sea Point,0.5,1,92 Regent Rd,0,9.104979856,40,Rental,36466250
Cape Town City Centre,1,2,,1,9.680344001,,Rental,36208374
Clifton,4,3,,2,12.4292162,585,Rental,32648160
Newlands,0.5,1,3 Springs Way,1,7.824046011,,Rental,34767365
Cape Town City Centre,3,3.5,,2,11.35040654,,Rental,36287427
Observatory,1,1,,1,8.999619341,,Rental,36238436
Fresnaye,4,5,,7,12.46843691,549,Rental,34862989
Newlands,4,4,,4,10.81977828,,Rental,36171711
Diep River,1,1,"Musgrave Park, 40 Old Kendall Road",1,8.699514748,,Rental,33328857
Cape Town City Centre,0.5,1,,0,9.20532783,25,Rental,35720786
Gardens,2,2,,0,10.04324949,,Rental,36569739
Cape Town City Centre,2,1,"201 Hip Hop Plaza, 39 Roeland Street",1,9.878169745,102,Rental,36169485
Cape Town City Centre,1,1,,1,9.510444964,28,Rental,36393094
Cape Town City Centre,0.5,1,"1325 The Rockefeller, 12 Christiaan Barnard Street",0,9.468851067,35,Rental,35207349
Constantia,7,9,,12,11.98292909,,Rental,28741133
Kenilworth Upper,2,2.5,,2,10.23995979,,Rental,33659822
Vredehoek,4,2,,2,10.71441777,431,Rental,36486365
Waterfront,3,3,,2,11.60823564,221,Rental,35743076
Foreshore,0.5,1,,0,9.354440716,30,Rental,35721050
Foreshore,0.5,1,"1001 The Rockefeller, 6 Martin Hammerschlag",0,9.20532783,25,Rental,33604813
Cape Town City Centre,3,4,,2,11.35040654,,Rental,36211570
Rondebosch,2,1,,1,9.680344001,,Rental,35212945
Sea Point,2,2,,1,10.81977828,131,Rental,35394962
Sea Point,2,2,,1,10.81977828,200,Rental,35385072
Kenilworth Upper,6,6,,9,11.40756495,,Rental,36163544
Sea Point,3,3,,2,11.46163217,380,Rental,33804151
Muizenberg,3,2,,1,9.680344001,88,Rental,35319315
Cape Town City Centre,2,2,,0,9.903487553,,Rental,36179005
Bo Kaap,2,2.5,,1,10.77895629,184,Rental,35081693
Sea Point,2,2,,1,10.81977828,131,Rental,33721088
Sea Point,4,4,,0,10.78931908,126,Rental,36380826
Llandudno,5,4.5,,4,11.69524702,,Rental,34671124
Sea Point,2,2,,1,11.35040654,125,Rental,36136666
Cape Town City Centre,0.5,1,,0,9.61580548,28,Rental,35553321
Cape Town City Centre,0.5,1,"1209 The Rockefeller, 12 Christiaan Barnard Street",0,9.543234787,37,Rental,35207348
Bantry Bay,4,5,,1,12.20607265,330,Rental,33759013
Sea Point,3,2,,1,10.23817248,,Rental,34786547
Kenilworth Upper,2,1,356 Main Road,1,9.903487553,82,Rental,35800268
Camps Bay,1,1,,1,9.680344001,,Rental,36012687
Clifton,2,2,,3,11.51292546,170,Rental,33242463
Sea Point,4,2.5,,1,10.69194491,385,Rental,35876502
Waterfront,1,1,Marina Residence,2,10.53150937,102,Rental,28163978
Clifton,2,2,,1,10.77895629,,Rental,36007902
Observatory,3,2,609 Madison 6 Trill Road,1,10.09203966,90,Rental,33535677
Camps Bay,3,3,,2,11.12726298,200,Rental,33131569
Llandudno,8,8,,2,12.01370075,,Rental,33656435
Foreshore,1,1,,0,9.615138591,,Rental,36318519
Bantry Bay,4,5,,4,11.91839057,754,Rental,34057432
Constantia,6,4,,2,11.1124479,,Rental,36140794
Three Anchor Bay,2,2,,1,11.28978191,98,Rental,35315442
Foreshore,1,1,"309 Vida D'chette, 21 Martin Hammerschlag Way",0,9.647949933,,Rental,35883080
Foreshore,1,1,"206a Vida D'chette, 21 Martin Hammerschlag Way",0,8.955448122,,Rental,35875314
Camps Bay,5,5.5,,6,12.32385568,,Rental,34869643
Cape Town City Centre,2,1,North Wharf 1 Lower Bree Street,1,10.4341158,82,Rental,33727609
Rondebosch,2,1,,1,9.433483923,,Rental,36124080
De Waterkant,1,1,66 Loader Street,1,11.35040654,,Rental,35204400
Fresnaye,5,4,,2,11.69524702,,Rental,35838239
Observatory,1,1,,1,9.137769679,,Rental,36238359
Clifton,3,4,,1,11.28978191,,Rental,31435843
Waterfront,3,3.5,,2,11.81303006,410,Rental,33100974
Observatory,4,1,297 Lower Main Road,0,8.612503371,,Rental,34178960
Green Point,1,1,,0,10.23995979,,Rental,35438204
Wynberg,1,1,,1,8.411832676,,Rental,36245718
Foreshore,1,1,"217a Vida D'chette, 21 Martin Hammerschlag Way",0,8.808369153,,Rental,35586452
Sea Point,2,1.5,,1,10.23995979,70,Rental,35119435
Camps Bay,1,1,,2,9.61580548,,Rental,36364549
Constantia,2,1,4 Welbeloond Road,2,10.59663473,,Rental,33172437
Green Point,1,1,,0,10.23995979,,Rental,35438208
Green Point,1,1,,0,10.23995979,,Rental,35437275
Wynberg,1,1,,1,8.366370302,,Rental,36245613
Wynberg,1,1,,1,8.707813551,28,Rental,34579834
Wynberg,1,1,,1,8.517193191,,Rental,36245762
Foreshore,1,1,"207 Vida D'chette, 21 Martin Hammerschlag Way",0,9.634954299,,Rental,35996199
Cape Town City Centre,1,1,"106a Homii Valencia, 53 Commercial Street",0,8.515191189,,Rental,33139156
Diep River,2,2,21 Annandale Road,1,9.680344001,,Rental,36825377
